{"current":{"currency_enable":true,"supported_currencies":"USD, USD - US Dollar | EUR, EUR - Euro | GBP, GBP - British Pound | INR, INR - Indian Rupee | BDT, BDT - Bangladesh Taka | JPY, JPY - Japan Yen | CAD, CAD - Canada Dollar | AUD, AUD - Australian Dollar","ajax_search_enable":true,"enable_preloader":false,"preloader_style":"Style_10","preloader_bg":"#ffffff","preloader_color":"#000000","preloader_border_color":"#ffffff","preloader_border_width":5,"rtl_enable":false,"box_layout_enable":false,"megamenu_title":"Shipping Policy","megamenu_column_1_handle":"column-1","megamenu_column_2_handle":"column-2","megamenu_column_3_handle":"column-3","megamenu_image":"shopify:\/\/shop_images\/banner-2.jpg","megamenu_image_url":"shopify:\/\/products\/1-new-and-sale-badge-product","color_primary":"#ff7004","typography_enable":false,"body_font_handle":"raleway_n4","header_font_handle":"antique_olive_n4","paragraph_font_handle":"raleway_n4","font_size_enable":false,"h1_font_size":40,"h2_font_size":32,"h3_font_size":28,"h4_font_size":24,"h5_font_size":20,"h6_font_size":16,"p_font_size":14,"h1_mobile_font_size":34,"h2_mobile_font_size":28,"h3_mobile_font_size":24,"h4_mobile_font_size":20,"h5_mobile_font_size":18,"h6_mobile_font_size":16,"p_mobile_font_size":14,"topbar_notification_enable":false,"topbar_notification":"topbar_in_index","notification_text":"<p>Get 35% off for <a href=\"\/collections\" title=\"All Collections\">New Collection<\/a> - 2021<\/p>","notification_button_name":"Shop Now","notification_button_url":"#","notification_bg_image":"","notification_text_color":"#ffffff","topbar_color_1":"#666666","topbar_color_2":"#666666","notification_overlay_color":"#000000","notification_overlay_opacity":0,"notificaction_button_bg_color":"#666666","notificaction_button_border_color":"#ffffff","notificaction_button_color":"#ffffff","notificaction_button_hover_bg_color":"#f29afa","notificaction_button_hover_border_color":"#000000","notificaction_button_hover_color":"#000000","notificaction_close_button_bg_color":"","notificaction_close_button_border_color":"rgba(0,0,0,0)","notificaction_close_button_color":"#ffffff","notificaction_close_button_hover_bg_color":"rgba(0,0,0,0)","notificaction_close_button_hover_border_color":"rgba(0,0,0,0)","notificaction_close_button_hover_color":"#000000","newsletter_system":"by_shopify_form","newsletter_action":"","email_placeholder":"Your email address","button_name":"Subscribe","newsletter_popup_enable":true,"one_day_popup_enable":true,"newsletter_style_handle":"newsletter_style_2","newsletter_bg_img":"shopify:\/\/shop_images\/newsletter-bg.jpg","newletter_popup_title":"Newsletter","newsletter_text":"Join over 1,000 people who get free and fresh content delivered automatically each time we publish","newsletter_button_name":"Subscribe","dont_show_again_enable":true,"dont_show_again_text":"Don't show this again","newsletter_overlay_color":"#ffffff","newsletter_overlay_opacicty":0.1,"popup_newsletter_title_color":"#000000","popup_newsletter_description_color":"#666666","input_field_color":"#ddd","newsletter_button_bg_color":"#000000","newsletter_button_color":"#fff","newsletter_button_hover_bg_color":"#666666","newsletter_button_hover_color":"#fff","dont_show_title_color":"#000000","close_icon_color":"#999999","breadcrumb_banner_enable":true,"breadcrumb_banner_image":"","breadcrub_page_title_enable":true,"breadcrumb_banner_bg":"#f6f6f6","breadcrumb_banner_overlay_color":"#000000","breadcrumb_banner_opacity":0,"breadcurmb_title_color":"#666666","breadcurmb_page_title_color":"#ff7004","active_breadcurmb_page_title_color":"#474747","breadcrumb_padding_top":80,"breadcrumb_padding_bottom":80,"breadcrumb_padding_top_xs":50,"breadcrumb_padding_bottom_xs":50,"new_title":"New","sale_title":"Sale","soldout_title":"Soldout","sale_percent_enable":true,"cart_button_title":"Add to cart","affiliate_cart_button_title":"<i class=\"fab fa-amazon\"><\/i> Buy from amazon","soldout_button_title":"Soldout","product_cart_type":"ajax_popup_cart","wait_title":"Wait..","added_title":"Added","unavailable_title":"Uavailable","successfull_note":"Added to cart successfully!","view_cart_button2":"View Cart","checkout_button2":"Checkout","product_quickview_enalbe":true,"quickview_product_variant_enable":true,"qcv_add_to_cart_text":"Add to cart","qcv_cart_wait_text":"Wait..","qcv_cart_added_text":"Added","qcv_cart_error_text":"Limit Products","compare_product_enalbe":true,"compare_popup_title":"Compare Product","compare_button_title":"<i class=\"icon-refresh\"><\/i>","product_color_variant_enalbe":true,"product_short_description":"[short_description] Your content or text here [\/short_description]","product_description":"[product_description] Your content or text here [\/product_description]","product_countdown":"[countdown]YYYY\/MM\/DD[\/countdown]","product_affiliate":"[affiliate_link]Here add your affiliate link[\/affiliate_link]","product_new_badge":"[new_products]Here add your product New Badge day limit[\/new_products]","unique_description_1":"[unique_description_1] Your content or text here [\/unique_description_1]","unique_description_2":"[unique_description_2] Your content or text here [\/unique_description_2]","unique_description_3":"[unique_description_3] Your content or text here [\/unique_description_3]","social_icon_1_name":"facebook","social_icon_1_link":"#","social_icon_2_name":"twitter","social_icon_2_link":"#","social_icon_3_name":"linkedin","social_icon_3_link":"#","social_icon_4_name":"youtube","social_icon_4_link":"#","social_icon_5_name":"vimeo","social_icon_5_link":"#","social_icon_6_name":"","social_icon_6_link":"","social_icon_7_name":"","social_icon_7_link":"","wishlist_enable":true,"add_wishlit_title":"<i class=\"icon-heart\"><\/i>","loading_wishlist":"<i class=\"icon-reload\"><\/i>","remove_wishlit_title":"<i class=\"icon-trash\"><\/i>","go_to_wishlit_title":"Go to wishlist","wishlist_empty_title":"Your wishlist is currently empty!","login_request_title":"Please login your account","opps_404":"shopify:\/\/shop_images\/error-1349562__340_97aa21e2-c239-492a-a2e8-16817589efcf.png","heading_404":"Ooops! Error 404","sub_text_404":"Sorry, But the page you are looking for does't exist!","button_title":"Go to home page","button_url":"\/","login_sub_text":"Please login using account detail bellow.","register_sub_text":"Please Register using account detail bellow.","customer_logout_title":"Logout","custom_page_padding_top":100,"custom_page_padding_bottom":80,"custom_page_padding_top_xs":80,"custom_page_padding_bottom_xs":60,"customer_page_padding_top":100,"customer_page_padding_bottom":100,"customer_page_padding_top_xs":80,"customer_page_padding_bottom_xs":80,"heading_enable":true,"password_logo":"shopify:\/\/shop_images\/logo-white.png","comming_soon_title":"We Are Coming Soon","comming_soon_content":"Lorem Ipsum is simply dummy text of the printing and typesetting industry. Lorem Ipsum has been the industry's standard dummy text.","countdown_enable":true,"countdown_style_handle":"countdown_style_3","opening_date":"2022-05-01","subscribe_field_enable":true,"subscribe_title":"Subscribe for our next update","email_placeholder_title":"Enter your e-mial","subscribe_button_title":"Subscribe","store_password_enable":false,"password_placeholder_title":"Enter store using password","password_action_field_enable":true,"full_page_bg_image":"shopify:\/\/shop_images\/coming-soon.jpg","gradiant_bg_color_1":"#0072b0","gradiant_bg_color_2":"#70b100","password_overlay_color":"#000000","password_overlay_color_opacity":0.5,"countdown_color":"#ffffff","custom_css":"","custom_script":"","checkout_header_image":"","checkout_logo_image":"","checkout_logo_position":"left","checkout_logo_size":"medium","checkout_body_background_image":"","checkout_body_background_color":"#fff","checkout_input_background_color_mode":"white","checkout_sidebar_background_image":"","checkout_sidebar_background_color":"#fafafa","checkout_heading_font":"-apple-system, BlinkMacSystemFont, 'Segoe UI', Roboto, Helvetica, Arial, sans-serif, 'Apple Color Emoji', 'Segoe UI Emoji', 'Segoe UI Symbol'","checkout_body_font":"-apple-system, BlinkMacSystemFont, 'Segoe UI', Roboto, Helvetica, Arial, sans-serif, 'Apple Color Emoji', 'Segoe UI Emoji', 'Segoe UI Symbol'","checkout_accent_color":"#000000","checkout_button_color":"#000000","checkout_error_color":"#e32c2b","megamenu_column_1":"footer","mega_title":"Contact","input_fild_color":"#999999","footer_script":"","google_analytic_enable":false,"google_tracking_id":"UA-91020528-1","recent_post_title":"Recent Post","recent_post_limit_handle":"3","archive_title":"Archive","blog_tags_title":"Tags","blog_tags_list_limit_handle":"15","categories_title":"Categories","categories_list_limit_hanlde":"5","vendors_title":"Vendors","vendors_list_limit_hanlde":"5","types_title":"Products Types","types_list_limit_hanlde":"5","color_title":"Color","color_picker":"red, green, blue, yellow, white, gold, gray, magenta, maroon, navy, purple, violet, black, pink, orange, silver,","colors_list_limit_hanlde":"10","size_title":"Size","size_picker":"s, m, l, xl, xxl,","size_list_limit_hanlde":"5","tags_title":"Tags","tags_list_limit_hanlde":"15","sinpets_call":"search-bar","custom_page_margin_top":"100","custom_page_margin_bottom":"100","section_margin_top_xs":"70","section_margin_bottom_xs":"70","h_social_icon_1_name":"twitter","h_social_icon_2_name":"instagram","h_social_icon_3_name":"google-plus","h_social_icon_4_name":"linkedin","h_social_icon_5_name":"pinterest","h_social_icon_6_name":"","h_social_icon_7_name":"","notification_overlay_rgb_colo":"#000000","notification_overlay_rgb_color":"0, 0, 0","product_quickview_description_enable":true,"paragraph_font":"raleway_n4","body_font":"alfie_n4","type_header_font":"abril_fatface_n4","heading_font":"alfie_n4","breadcrumb_banner_image_enable":false,"newsletter_img":"","cart_notes_enable":true,"cart_vendor_enable":false,"ajax_cart_method":"drawer","logo_use_image":false,"logo_max_width":"450","favicon_enable":false,"show_multiple_currencies":true,"currency_format":"money_with_currency_format","default_currency":"USD","color_body_bg":"#fff","color_body_text":"#333333","color_borders":"#e5e5e5","color_footer_bg":"#f2f2f2","color_footer_social_link":"#bbbbbb","color_footer_text":"#636363","color_secondary":"#bbb","footer_newsletter_enable":true,"footer_social_enable":true,"social_facebook_link":"","social_twitter_link":"","sections":{"header":{"type":"header","blocks":{"1ad52edf-37fa-4245-a3e2-a853d1a4be35":{"type":"topbar_style","settings":{"top_bar_bg_color":"#2f333a","offer_text_color":"#ff7004","menu_label_color":"#ffffff","menu_label_hover_color":"#ff7004","menu_color":"#474747","menu_hover_color":"#ff7004","separator_color":"#ebebeb","menu_bg_color":"#ffffff"}},"cee76585-0e01-4b2b-a006-6e274a8fda5b":{"type":"dropdown","settings":{"dropdown_title":"Home"}},"13825083-a842-42dd-88fc-ed5126ec596f":{"type":"megamenu","settings":{"mega_title":"shop","mege_level_2":"","level3_menu":"","mege_level_2_set2":"","level3_menu_2":"","mege_level_2_set3":"","level3_menu_3":"","megamenu_gallery":true,"cat_banner_image":"shopify:\/\/shop_images\/3.jpg","mega_cat_banner_link":"\/","cat_banner_image2":"shopify:\/\/shop_images\/4.jpg","mega_cat_banner_link2":"\/"}},"340e7fc0-a6ea-43c6-a3b9-3be8d9fa6a5f":{"type":"submenu","settings":{"submenu_title":"Blog","multi_level_4":"","multi_level4_menu":"","multi_level_4_2":"","multi_level4_menu_2":"","multi_level_4_3":"","multi_level4_menu_3":"","multi_level_4_4":"","multi_level4_menu_4":"","multi_level_4_5":"","multi_level4_menu_5":""}},"8382df8b-c912-4a8f-8e96-191476d53d0f":{"type":"dropdown","settings":{"dropdown_title":"Pages"}},"28d81ae0-b083-4c7c-b364-998c1cb79f47":{"type":"header_style","settings":{"header_bg_color":"#2f333a","dropdown_arrow_color":"#ffffff","dropdown_arrow_color_hov":"#ff7004","header_menu_color":"#ffffff","header_menu_hover_color":"#ff7004","submenu_bg_color":"#ffffff","sub_mega_menu_color":"#000000","sub_mega_menu_hover_color":"#ff7004","mega_menu_title_color":"#333333","mega_menu_title_border_color":"#e7e7e7","header_tools_icon_color":"#333333","header_tools_icon_hover_color":"#333333","mini_cart_counter_bg":"#f8796c","mini_cart_counter_color":"#ffffff","mobile_menu_bar_color":"#232324","mobile_menu_bg_color":"#ffffff","mobile_menu_item_color":"#232324","menu_item_border_color":"#eeeeee","mobile_menu_arrow_color":"#232324","mobile_menu_hover_bg_color":"#333333","mobile_menu_hover_color":"#ffffff","hover_dropdown_arrow_color":"#ffffff"}}},"block_order":["1ad52edf-37fa-4245-a3e2-a853d1a4be35","cee76585-0e01-4b2b-a006-6e274a8fda5b","13825083-a842-42dd-88fc-ed5126ec596f","340e7fc0-a6ea-43c6-a3b9-3be8d9fa6a5f","8382df8b-c912-4a8f-8e96-191476d53d0f","28d81ae0-b083-4c7c-b364-998c1cb79f47"],"settings":{"header_style":"header_style_1","header_top_enable":true,"header_top_fullwidth_on":false,"offer_message_enable":true,"top_ber_left_message":"style_2","offer_message":"Get free shipping  – Free 30 day money back guarantee","google_translate_enable":true,"header_top_currency_enable":true,"header_middle_enable":true,"header_middle_fullwidth_on":false,"logo":"shopify:\/\/shop_images\/logo_9f81f729-b5b8-4ef3-8470-1e591de4c1f0.png","logo_width":110,"ratina_logo_enable":true,"header_search_enable":true,"header_login_enable":true,"header_mini_cart_enable":true,"mini_cart_title":"Cart","mini_cart_total_title":"Total:","cart_btn_enable":true,"view_cart_title":"View Cart","checkout_btn_enable":true,"mini_cart_checkout_title":"Checkout","free_shipping_enable":true,"free_shipping_offer_title":"Free Shipping on All Orders Over $100!","agree_button_enable":true,"agree_button_text":"I agree with the terms and conditions","header_buttom_fullwidth_on":false,"mobile_menu_enable":true,"mobile_google_translate_enable":true,"mobile_header_currency_enable":true,"mobile_social_midea_enable":true}},"footer":{"type":"footer","blocks":{"b2f61e95-558d-4833-90cd-6a15968fc4ae":{"type":"about_us","settings":{"about_info_col_lg":4,"about_info_col_md":6,"about_info_col_sm":6,"widget_title":"ABOUT US","about_content":"Lorem ipsum dolor sit amet cons adipisicing elit sed do eiusm tempor incididunt ut labor et dolore magna aliqua. Ut enim ad minim veniam, quis nostrud","footer_social_enable":true,"social_icon_1_name":"ion-social-facebook","social_icon_1_link":"","social_icon_2_name":"ion-social-twitter","social_icon_2_link":"","social_icon_3_name":"ion-social-googleplus","social_icon_3_link":"","social_icon_4_name":"ion-social-youtube-outline","social_icon_4_link":"","social_icon_5_name":"ion-social-instagram-outline","social_icon_5_link":"","social_icon_6_name":"","social_icon_6_link":"","social_icon_7_name":"","social_icon_7_link":""}},"f5a3b058-9f07-4520-8c91-623714e98b34":{"type":"footer_menu","settings":{"menu_col_lg":3,"menu_col_md":6,"menu_col_sm":6,"footer_menu_title":"INFORMATION","footer_menu_handle":"information"}},"57bc0c6e-1bff-402d-b478-5442a8ad9c01":{"type":"footer_menu","settings":{"menu_col_lg":2,"menu_col_md":6,"menu_col_sm":6,"footer_menu_title":"MY ACCOUNT","footer_menu_handle":"my-account"}},"c92735af-d9a8-4734-85ff-7b6229ca000a":{"type":"newsletter","settings":{"newsletter_col_lg":3,"newsletter_col_md":12,"newsletter_title":"NEWSLETTER","email_placeholder":"Enter you email address here...","button_title":"Subscribe"}}},"block_order":["b2f61e95-558d-4833-90cd-6a15968fc4ae","f5a3b058-9f07-4520-8c91-623714e98b34","57bc0c6e-1bff-402d-b478-5442a8ad9c01","c92735af-d9a8-4734-85ff-7b6229ca000a"],"settings":{"fullwidth_on":false,"footer_style_enable":true,"footer_bg_color":"#2f333a","footer_widget_title_color":"#ffffff","footer_widget_content_color":"#ffffff","footer_widget_social_color":"#fffefe","footer_widget_social_bg_color":"rgba(0,0,0,0)","footer_widget_social_color_hov":"#fffefe","footer_widget_social_bg_color_hov":"#ff7004","footer_menu_color":"#ffffff","footer_menu_hov_color":"#ff7004","newsletter_btn_color":"#ffffff","newsletter_btn_bg_color":"#ff7004","newsletter_btn_bc_color":"#ff7004","newsletter_btn_color_hov":"#ffffff","newsletter_btn_bg_color_hov":"#ff862a","newsletter_btn_bc_color_hov":"#ff862a","copy_ritht_text":"© 2021 <strong>Furns<\/strong> Made With <i class=\"ion-heart\" aria-hidden=\"true\"><\/i> By <a class=\"company-name\" href=\"https:\/\/hasthemes.com\/\">\n              <strong> HasThemes<\/strong><\/a>.","payment_icon_enable":true,"payment_icon":"shopify:\/\/shop_images\/payment.png","copyright_bg_color":"#2a2a2a"}},"1533451712483":{"type":"custom-html","disabled":true,"blocks":{"1538037622271":{"type":"section_padding","settings":{"section_padding_top":100,"section_padding_bottom":100,"section_padding_top_md":80,"section_padding_bottom_md":80,"section_padding_top_xs":60,"section_padding_bottom_xs":60}},"1538038669321":{"type":"section_background","settings":{"section_bg_color":"#f2f2f2"}},"1538041859732":{"type":"section_margin","settings":{"section_margin_top":0,"section_margin_bottom":100,"section_margin_top_md":0,"section_margin_bottom_md":80,"section_margin_top_xs":0,"section_margin_bottom_xs":60}}},"block_order":["1538037622271","1538038669321","1538041859732"],"settings":{"section_title":"","custom_html_content":"<div>\n<h2>HTML title<\/h2>\n<p>claritatem. Investigationes demonstraverunt lectores legere me lius quod ii legunt saepius. Claritas est etiam processus dynamicus, qui sequitur mutationem consuetudium lectorum. Mirum est notare quam littera gothica, quam nunc putamus parum claram, anteposuerit litterarum formas humanitatis per<\/p>\n<\/div>"}},"1533464790132":{"type":"rich-text","disabled":true,"blocks":{"1538045013607":{"type":"section_padding","settings":{"section_padding_top":0,"section_padding_bottom":100,"section_padding_top_md":0,"section_padding_bottom_md":80,"section_padding_top_xs":0,"section_padding_bottom_xs":80}}},"block_order":["1538045013607"],"settings":{"section_title":"Rich Text","rich_text_handle":"<p>Use this text to share information about your brand with your customers. Describe a product, share announcements, or welcome customers to your store. Use this text to share information about your brand with your customers. Describe a product, share announcements, or welcome customers to your store. Use this text to share information about your brand with your customers. Describe a product, share announcements, or welcome customers to your store. <\/p><p>Use this text to share information about your brand with your customers. Describe a product, share announcements, or welcome customers to your store.<\/p>"}},"collection-template":{"type":"collection-template","blocks":{"1538820479755":{"type":"category","settings":{"widget_title":"Categories","categories_list_limit_hanlde":5}},"1538820499075":{"type":"size","settings":{"widget_title":"Size","size_picker":"s, m, l, xl, xxl","size_list_limit_hanlde":5}},"1538820495883":{"type":"color","settings":{"widget_title":"Color","color_picker":"red, green, blue, yellow, white, gold, gray, magenta, maroon, navy, purple, violet, black, pink, orange, silver","colors_list_limit_hanlde":10}},"1538820489523":{"type":"vendor","settings":{"widget_title":"Vendors","vendors_list_limit_hanlde":5}},"1538820492475":{"type":"type","settings":{"widget_title":"Products Types","types_list_limit_hanlde":5}},"1538821061710":{"type":"tag","settings":{"widget_title":"Tags","tags_list_limit_hanlde":15}}},"block_order":["1538820479755","1538820499075","1538820495883","1538820489523","1538820492475","1538821061710"],"settings":{"fullwidth_on":false,"products_limit_handle":12,"product_column":"4","product_column_md":"6","product_column_xs":"6","tab_bar_enable":true,"showing_product_counter_enable":true,"showing_title_handle":"Showing | of | result","short_by_enable":true,"sidebar_handle":"right_sidebar_handle"}},"collection-list-template":{"type":"collection-list-template","blocks":{"1539494718664":{"type":"search","settings":{"widget_title":"Search"}},"1538823713794":{"type":"menu","settings":{"widget_title":"Custom Menu","menu_handle":"main-menu"}},"1538823722059":{"type":"category","settings":{"widget_title":"Categories","categories_list_limit_hanlde":5}},"1538823724130":{"type":"vendor","settings":{"widget_title":"Vendors","vendors_list_limit_hanlde":5}},"1538823726274":{"type":"type","settings":{"widget_title":"Products Types","types_list_limit_hanlde":5}},"1538823728120":{"type":"color","settings":{"widget_title":"Color","color_picker":"red, green, blue, yellow, white, gold, gray, magenta, maroon, navy, purple, violet, black, pink, orange, silver","colors_list_limit_hanlde":10}},"1538823730168":{"type":"size","settings":{"widget_title":"Size","size_picker":"s, m, l, xl, xxl","size_list_limit_hanlde":5}},"1538823731784":{"type":"tag","settings":{"widget_title":"Tags","tags_list_limit_hanlde":15}},"1539494709870":{"type":"banner","settings":{"widget_title":"Banner","banner_image":"","banner_image_url":""}}},"block_order":["1539494718664","1538823713794","1538823722059","1538823724130","1538823726274","1538823728120","1538823730168","1538823731784","1539494709870"],"settings":{"products_limit_handle":12,"tab_bar_enable":true,"showing_product_counter_enable":true,"showing_title_handle":"Showing | of | result","short_by_enable":true,"sidebar_handle":"left_sidebar_handle"}},"product-template":{"type":"product-template","settings":{"content_handle":"content_in_right","product_style":"product_default","product_zoom_enable":true,"zoom_type":"inner","product_popup_enable":true}},"related-product":{"type":"related-product","settings":{"related_products_enable":true,"section_title":"Related Product","product_column":"3","related_product_limit_handle":4}},"single-product-tab":{"type":"single-product-tab","blocks":{"1534064591651":{"type":"custom_tab","settings":{"custom_tab_title":"Shipping Policy","custom_tab_handle":"shipping-policy"}},"1545194824919":{"type":"custom_tab","settings":{"custom_tab_title":"Size Chart","custom_tab_handle":"size-chart"}}},"block_order":["1534064591651","1545194824919"],"settings":{"product_tab_enable":true,"tab_active_handle":"info_tab","product_info_tab_enable":true,"product_info_tab_title":"Description","product_review_tab_enable":true,"product_review_tab_title":"Reviews","review_handle":"shopify_review","product_video_title":"Video","product_comments_enable":true,"product_comments_title":"Comments","product_page_comments_box":"disqus_comment","facebook_comments_post_limit":"10","disqus_shortname":"demo-store"}},"blog-template":{"type":"blog-template","blocks":{"1539506280443":{"type":"search","settings":{"widget_title":"Search"}},"1538884854605":{"type":"menu","settings":{"menu_title":"Custom Menu","menu_handle":"footer"}},"1538884863764":{"type":"recent_post","settings":{"recent_post_title":"Recent Post","recent_post_limit_handle":3}},"1538884866837":{"type":"archive","settings":{"archive_title":"Archive"}},"1538884868758":{"type":"tag","settings":{"blog_tags_title":"Tags","blog_tags_list_limit_handle":10}}},"block_order":["1539506280443","1538884854605","1538884863764","1538884866837","1538884868758"],"settings":{"blog_limit_handle":4,"blog_column":"6","blog_column_md":"6","blog_column_xs":"12","sidebar_handle":"left_sidebar_handle"}},"article-template":{"type":"article-template","blocks":{"1539506793741":{"type":"search","settings":{"widget_title":"Search"}},"1538884359122":{"type":"recent_post","settings":{"recent_post_title":"Recent Post","recent_post_limit_handle":3}},"1538884372007":{"type":"archive","settings":{"archive_title":"Archive"}},"1538884380281":{"type":"tag","settings":{"blog_tags_title":"Tags","blog_tags_list_limit_handle":10}}},"block_order":["1539506793741","1538884359122","1538884372007","1538884380281"],"settings":{"comment_post_limit_handle":5,"sidebar_handle":"left_sidebar_handle"}},"cart-template":{"type":"cart-template","settings":{"table_image_title":"Image","table_product_title":"Product","table_price_title":"Price","table_quantity_title":"Quantity","table_total_title":"Total","table_reomove_title":"Remove","update_button_title":"Update Cart","continue_shopping_title":"Continue Shopping","clear_cart_title":"Clear Cart","cart_vendor_enable":false,"cart_feature":"shipping_calculator","shipping_calculator_heading":"Get shipping estimatesss","shipping_calculator_button_title":"Calculate shipping","cart_note_title":"Special instructions for seller","cart_total_heading_title":"Cart Totals","cart_subtotal_title":"Subtotal","cart_total_title":"Total","checkout_button_title":"Proceed to Checkout","shopping_cart_title":"Shopping Cart","cart_empty_title":"Your cart is currently empty!","cart_continue_title":"Continue browsing","here_title":"here"}},"list-collection-template":{"type":"list-collection-template","blocks":{"1555841036150":{"type":"custom_collection","settings":{"featured_product_handle":""}},"1555843094220":{"type":"custom_collection","settings":{"featured_product_handle":"new-product"}},"1555843900927":{"type":"custom_collection","settings":{"featured_product_handle":""}},"1555843913776":{"type":"custom_collection","settings":{"featured_product_handle":""}},"1555844074109":{"type":"custom_collection","settings":{"featured_product_handle":""}},"1556000724912":{"type":"custom_collection","settings":{"featured_product_handle":""}},"1556000732461":{"type":"custom_collection","settings":{"featured_product_handle":""}},"1556000739963":{"type":"custom_collection","settings":{"featured_product_handle":""}}},"block_order":["1555841036150","1555843094220","1555843900927","1555843913776","1555844074109","1556000724912","1556000732461","1556000739963"],"settings":{"collection_type":"collection_image","collection_handle":"custom_collection","section_text_align":"section_text_center","product_column":"3","product_column_md":"4","product_column_xs":"12","products_limit_handle":4,"more_title":"More"}},"1537685012881":{"type":"instagram-feed","disabled":true,"blocks":{"1538046301262":{"type":"section_padding","settings":{"section_padding_top":0,"section_padding_bottom":100,"section_padding_top_md":0,"section_padding_bottom_md":80,"section_padding_top_xs":0,"section_padding_bottom_xs":80}}},"block_order":["1538046301262"],"settings":{"section_title":"Section Title Here","instafeed_user_id":"6665768655","instafeed_access_token":"6665768655.1677ed0.313e6c96807c45d8900b4f680650dee5","instafeed_limit":8,"image_resolution":"low_resolution"}},"1538915260427":{"type":"custom-page","disabled":true,"blocks":{"1538915260427-0":{"type":"section_padding","settings":{"section_padding_top":0,"section_padding_bottom":100,"section_padding_top_md":0,"section_padding_bottom_md":80,"section_padding_top_xs":0,"section_padding_bottom_xs":60}}},"block_order":["1538915260427-0"],"settings":{"section_title":"","custom_page":"shipping-policy"}},"1538917065030":{"type":"custom-content","disabled":true,"blocks":{"1538917074461":{"type":"html_content","settings":{"content_column":6,"content_column_md":6,"html_content":"<div class=\"html-content-class\">\n<h2>Custom Content Title<\/h2>\n<p>There are many variations of passages of Lorem Ipsum available, but the majority have suffered alteration in some form, by injected humour, or randomised words which don't look even slightly believable.<\/p>\n<a href=\"#\" class=\"theme-default-button\">View more<\/a>\n<\/div>","html_content_css":".html-content-class{color: #000;}\n.html-content-class h2{margin-bottom: 20px;}\n@media (max-width: 991px){.html-content-class{ margin-bottom: 30px;}}"}},"1538917081508":{"type":"image_content","settings":{"content_column":6,"content_column_md":6,"image_content_image_url":"#"}},"1538917065030-0":{"type":"section_padding","settings":{"section_padding_top":0,"section_padding_bottom":100,"section_padding_top_md":0,"section_padding_bottom_md":80,"section_padding_top_xs":0,"section_padding_bottom_xs":60}}},"block_order":["1538917074461","1538917081508","1538917065030-0"],"settings":{"section_title":""}},"1541244011012":{"type":"latest-blog","blocks":{"1541244011012-0":{"type":"section_padding","settings":{"section_padding_top":0,"section_padding_bottom":90,"section_padding_top_md":0,"section_padding_bottom_md":70,"section_padding_top_xs":0,"section_padding_bottom_xs":50}}},"block_order":["1541244011012-0"],"settings":{"section_title":"Latest Blog","section_sub_title":"Torem ipsum dolor sit amet, consectetur adipisicing elitsed do eiusmo tempor incididunt ut labore","blog_handle":"news","blog_limit_handle":3,"blog_column":"4","blog_column_md":"6","blog_column_xs":"12"}},"1541245747444":{"type":"slideshow","disabled":true,"blocks":{"1541245747444-0":{"type":"section_padding","settings":{"section_padding_top":0,"section_padding_bottom":100,"section_padding_top_md":0,"section_padding_bottom_md":80,"section_padding_top_xs":0,"section_padding_bottom_xs":60}}},"block_order":["1541245747444-0"],"settings":{}},"about-template":{"type":"about-template","settings":{"page_title_enable":true,"page_content_enable":true}},"1542283170340":{"type":"tab-with-product","blocks":{"1542283170340-0":{"type":"tab_with_product","settings":{"tab_product_handle":"new-arrivala"}},"1542283170340-1":{"type":"tab_with_product","settings":{"tab_product_handle":"top-product"}},"1542283170340-2":{"type":"tab_with_product","settings":{"tab_product_handle":"top-rated"}}},"block_order":["1542283170340-0","1542283170340-1","1542283170340-2"],"settings":{"fullwidth_on":false,"section_title":"Our Products","section_desc":"Torem ipsum dolor sit amet, consectetur adipisicing elitsed do eiusmo tempor incididunt ut labore","product_limit_handle":8,"product_column":"3","product_column_md":"4","product_column_xs":"6"}},"1543480384117":{"type":"video-banner","disabled":true,"blocks":{"1543480384117-0":{"type":"section_padding","settings":{"section_padding_top":0,"section_padding_bottom":100,"section_padding_top_md":0,"section_padding_bottom_md":80,"section_padding_top_xs":0,"section_padding_bottom_xs":60}}},"block_order":["1543480384117-0"],"settings":{"section_title":"Section Title Here","video_type_handle":"popup_banner","video_url":"https:\/\/www.youtube.com\/watch?time_continue=6&v=_9VUPq3SxOc"}},"product-sidebar":{"type":"product-sidebar","blocks":{"1549529296594":{"type":"search","settings":{"widget_title":"Search"}},"1549529680079":{"type":"menu","settings":{"widget_title":"Custom Menu","menu_handle":"main-menu"}},"1549529305374":{"type":"category","settings":{"widget_title":"Categories","categories_list_limit_hanlde":5}},"1549529315645":{"type":"vendor","settings":{"widget_title":"Vendors","vendors_list_limit_hanlde":5}},"1549529596601":{"type":"type","settings":{"widget_title":"Products Types","types_list_limit_hanlde":5}},"1549529677918":{"type":"tag","settings":{"widget_title":"Tags","tags_list_limit_hanlde":15}},"1549529682447":{"type":"banner","settings":{"widget_title":"Banner"}},"1556447752356":{"type":"recent-view","settings":{"recent_view_title":"Recently Viewed","product_limit":3,"product_memory_limit":10}}},"block_order":["1549529296594","1549529680079","1549529305374","1549529315645","1549529596601","1549529677918","1549529682447","1556447752356"],"settings":{"sidebar_handle":"left_sidebar_handle"}},"custom-collection":{"type":"custom-collection","settings":{"custom_collection_enable":true,"section_title":"You may also like","featured_product_handle":"featured","featured_product_limit_handle":4,"product_column":"3","product_column_md":"4","product_column_xs":"12"}},"breadcrumb":{"type":"breadcrumb","blocks":{"1549884861145":{"type":"product_pages","settings":{}},"1549885007755":{"type":"collection_pages","settings":{"collection_image_enable":true}},"1549885942164":{"type":"collection_list","settings":{}},"1549886005396":{"type":"blogs","settings":{}},"1549886041092":{"type":"blog_posts","settings":{}},"1549886077412":{"type":"cart","settings":{}},"1549944083915":{"type":"template_404","settings":{}},"1549886107565":{"type":"page_about","settings":{}},"1549886146209":{"type":"page_contact","settings":{}},"1550989632151":{"type":"page_faq","settings":{}},"1549943902245":{"type":"page_wishlist","settings":{}}},"block_order":["1549884861145","1549885007755","1549885942164","1549886005396","1549886041092","1549886077412","1549944083915","1549886107565","1549886146209","1550989632151","1549943902245"],"settings":{}},"custom-content":{"type":"custom-content","settings":{"section_title":"title for about"}},"contact-template":{"type":"contact-template","settings":{"contact_form_enable":true,"form_title":"Get In Touch","name_placeholder":"Your name *","email_placeholder":"Your email *","subject_placeholder":"Subject","message_placeholder":"Type your message here..","form_button_name":"Send","contact_information_enable":true,"contact_info_title":"Contact Info","phone_title_1":"Phone :","phone_number_content":"+012 345 678 102 <br> +012 345 678 102","email_title_1":"Email :","email_content":"urname@email.com <br> urwebsitenaem.com>","address_title_1":"Address :","address_content_1":"Address goes here, <br> street, Crossroad 123.","social_title_1":"Follow Us","social_enable":true}},"1550479578338":{"type":"featured-collection","disabled":true,"blocks":{"8ed49530-0752-4b29-82ce-a0eb5f05213e":{"type":"section_padding","settings":{"section_padding_top":0,"section_padding_bottom":0,"section_padding_top_md":0,"section_padding_bottom_md":0,"section_padding_top_xs":0,"section_padding_bottom_xs":0}}},"block_order":["8ed49530-0752-4b29-82ce-a0eb5f05213e"],"settings":{"fullwidth_on":false,"section_title":"New Products","section_sub_title":"Torem ipsum dolor sit amet, consectetur adipisicing elitsed do eiusmo tempor incididunt ut labore","featured_product_handle":"new-arrivala","featured_product_limit_handle":8,"product_column":"4","product_column_md":"4","product_column_sm":"2","product_column_xs":"2"}},"1550482074326":{"type":"featured-product","disabled":true,"blocks":{"1550482074326-0":{"type":"section_padding","settings":{"section_padding_top":0,"section_padding_bottom":100,"section_padding_top_md":0,"section_padding_bottom_md":80,"section_padding_top_xs":0,"section_padding_bottom_xs":60}}},"block_order":["1550482074326-0"],"settings":{"section_title":"Featured product","featured_product_handle":"","button_title":"Shop Now"}},"faq-template":{"type":"faq-template","blocks":{"1550984440022":{"type":"faq","settings":{"accordion_title":"Mauris congue euismod purus at semper?","accordion_content":"<p>1. Anim pariatur cliche reprehenderit, enim eiusmod high life accusamus terry richardson ad squid. 3 wolf moon officia aute, non cupidatat skateboard dolor brunch. Food truck quinoa nesciunt laborum eiusmod. Brunch 3 wolf moon tempor, sunt aliqua put a bird on it squid single-origin coffee nulla assumenda shoreditch et. Nihil anim keffiyeh helvetica, craft beer labore wes anderson cred nesciunt sapiente ea proident. Ad vegan excepteur butcher vice lomo. Leggings occaecat craft beer farm-to-table, raw denim aesthetic synth nesciunt you probably haven't heard of them accusamus labore sustainable VHS.<\/p>"}},"1550984447719":{"type":"faq","settings":{"accordion_title":"Donec mattis finibus elit ut tristique?","accordion_content":"<p>2. Anim pariatur cliche reprehenderit, enim eiusmod high life accusamus terry richardson ad squid. 3 wolf moon officia aute, non cupidatat skateboard dolor brunch. Food truck quinoa nesciunt laborum eiusmod. Brunch 3 wolf moon tempor, sunt aliqua put a bird on it squid single-origin coffee nulla assumenda shoreditch et. Nihil anim keffiyeh helvetica, craft beer labore wes anderson cred nesciunt sapiente ea proident. Ad vegan excepteur butcher vice lomo. Leggings occaecat craft beer farm-to-table, raw denim aesthetic synth nesciunt you probably haven't heard of them accusamus labore sustainable VHS.<\/p>"}},"1550984454067":{"type":"faq","settings":{"accordion_title":"Aenean elit orci, efficitur quis  nisl?","accordion_content":"<p>3. Anim pariatur cliche reprehenderit, enim eiusmod high life accusamus terry richardson ad squid. 3 wolf moon officia aute, non cupidatat skateboard dolor brunch. Food truck quinoa nesciunt laborum eiusmod. Brunch 3 wolf moon tempor, sunt aliqua put a bird on it squid single-origin coffee nulla assumenda shoreditch et. Nihil anim keffiyeh helvetica, craft beer labore wes anderson cred nesciunt sapiente ea proident. Ad vegan excepteur butcher vice lomo. Leggings occaecat craft beer farm-to-table, raw denim aesthetic synth nesciunt you probably haven't heard of them accusamus labore sustainable VHS.<\/p>"}},"1550984456255":{"type":"faq","settings":{"accordion_title":"Pellentesque habitant morbi  tristique?","accordion_content":"<p>4. Anim pariatur cliche reprehenderit, enim eiusmod high life accusamus terry richardson ad squid. 3 wolf moon officia aute, non cupidatat skateboard dolor brunch. Food truck quinoa nesciunt laborum eiusmod. Brunch 3 wolf moon tempor, sunt aliqua put a bird on it squid single-origin coffee nulla assumenda shoreditch et. Nihil anim keffiyeh helvetica, craft beer labore wes anderson cred nesciunt sapiente ea proident. Ad vegan excepteur butcher vice lomo. Leggings occaecat craft beer farm-to-table, raw denim aesthetic synth nesciunt you probably haven't heard of them accusamus labore sustainable VHS.<\/p>"}},"1550984457556":{"type":"faq","settings":{"accordion_title":"Nam pellentesque aliquam metus?","accordion_content":"<p>5. Anim pariatur cliche reprehenderit, enim eiusmod high life accusamus terry richardson ad squid. 3 wolf moon officia aute, non cupidatat skateboard dolor brunch. Food truck quinoa nesciunt laborum eiusmod. Brunch 3 wolf moon tempor, sunt aliqua put a bird on it squid single-origin coffee nulla assumenda shoreditch et. Nihil anim keffiyeh helvetica, craft beer labore wes anderson cred nesciunt sapiente ea proident. Ad vegan excepteur butcher vice lomo. Leggings occaecat craft beer farm-to-table, raw denim aesthetic synth nesciunt you probably haven't heard of them accusamus labore sustainable VHS.<\/p>"}},"1550990738279":{"type":"section_padding","settings":{"section_padding_top":100,"section_padding_bottom":100,"section_padding_top_md":80,"section_padding_bottom_md":80,"section_padding_top_xs":60,"section_padding_bottom_xs":60}}},"block_order":["1550984440022","1550984447719","1550984454067","1550984456255","1550984457556","1550990738279"],"settings":{"section_title":"Below are frequently asked questions, you may find the answer for yourself","section_content":"Lorem ipsum dolor sit amet, consectetur adipiscing elit. Donec id erat sagittis, faucibus metus malesuada, eleifend turpis. Mauris semper augue id nisl aliquet, a porta lectus mattis. Nulla at tortor augue. In eget enim diam. Donec gravida tortor sem, ac fermentum nibh rutrum sit amet. Nulla convallis mauris vitae congue consequat. Donec interdum nunc purus, vitae vulputate arcu fringilla quis. Vivamus iaculis euismod dui."}},"1550989844012":{"type":"faq-template","disabled":true,"blocks":{"1551157330866":{"type":"faq","settings":{"accordion_title":"Title #1","accordion_content":"<p>Anim pariatur cliche reprehenderit, enim eiusmod high life accusamus terry richardson ad squid. 3 wolf moon officia aute, non cupidatat skateboard dolor brunch. Food truck quinoa nesciunt laborum eiusmod. Brunch 3 wolf moon tempor, sunt aliqua put a bird on it squid single-origin coffee nulla assumenda shoreditch et. Nihil anim keffiyeh helvetica, craft beer labore wes anderson cred nesciunt sapiente ea proident. Ad vegan excepteur butcher vice lomo. Leggings occaecat craft beer farm-to-table, raw denim aesthetic synth nesciunt you probably haven&#x27;t heard of them accusamus labore sustainable VHS.<\/p>"}},"1551157343436":{"type":"faq","settings":{"accordion_title":"Title #2","accordion_content":"<p>Anim pariatur cliche reprehenderit, enim eiusmod high life accusamus terry richardson ad squid. 3 wolf moon officia aute, non cupidatat skateboard dolor brunch. Food truck quinoa nesciunt laborum eiusmod. Brunch 3 wolf moon tempor, sunt aliqua put a bird on it squid single-origin coffee nulla assumenda shoreditch et. Nihil anim keffiyeh helvetica, craft beer labore wes anderson cred nesciunt sapiente ea proident. Ad vegan excepteur butcher vice lomo. Leggings occaecat craft beer farm-to-table, raw denim aesthetic synth nesciunt you probably haven&#x27;t heard of them accusamus labore sustainable VHS.<\/p>"}},"1551157356248":{"type":"faq","settings":{"accordion_title":"Title #3","accordion_content":"<p>Anim pariatur cliche reprehenderit, enim eiusmod high life accusamus terry richardson ad squid. 3 wolf moon officia aute, non cupidatat skateboard dolor brunch. Food truck quinoa nesciunt laborum eiusmod. Brunch 3 wolf moon tempor, sunt aliqua put a bird on it squid single-origin coffee nulla assumenda shoreditch et. Nihil anim keffiyeh helvetica, craft beer labore wes anderson cred nesciunt sapiente ea proident. Ad vegan excepteur butcher vice lomo. Leggings occaecat craft beer farm-to-table, raw denim aesthetic synth nesciunt you probably haven&#x27;t heard of them accusamus labore sustainable VHS.<\/p>"}},"1551157368074":{"type":"faq","settings":{"accordion_title":"Title #4","accordion_content":"<p>Anim pariatur cliche reprehenderit, enim eiusmod high life accusamus terry richardson ad squid. 3 wolf moon officia aute, non cupidatat skateboard dolor brunch. Food truck quinoa nesciunt laborum eiusmod. Brunch 3 wolf moon tempor, sunt aliqua put a bird on it squid single-origin coffee nulla assumenda shoreditch et. Nihil anim keffiyeh helvetica, craft beer labore wes anderson cred nesciunt sapiente ea proident. Ad vegan excepteur butcher vice lomo. Leggings occaecat craft beer farm-to-table, raw denim aesthetic synth nesciunt you probably haven&#x27;t heard of them accusamus labore sustainable VHS.<\/p>"}},"1551157378634":{"type":"faq","settings":{"accordion_title":"Title #5","accordion_content":"<p>Anim pariatur cliche reprehenderit, enim eiusmod high life accusamus terry richardson ad squid. 3 wolf moon officia aute, non cupidatat skateboard dolor brunch. Food truck quinoa nesciunt laborum eiusmod. Brunch 3 wolf moon tempor, sunt aliqua put a bird on it squid single-origin coffee nulla assumenda shoreditch et. Nihil anim keffiyeh helvetica, craft beer labore wes anderson cred nesciunt sapiente ea proident. Ad vegan excepteur butcher vice lomo. Leggings occaecat craft beer farm-to-table, raw denim aesthetic synth nesciunt you probably haven&#x27;t heard of them accusamus labore sustainable VHS.<\/p>"}},"1550990400682":{"type":"section_padding","settings":{"section_padding_top":0,"section_padding_bottom":100,"section_padding_top_md":0,"section_padding_bottom_md":80,"section_padding_top_xs":0,"section_padding_bottom_xs":60}}},"block_order":["1551157330866","1551157343436","1551157356248","1551157368074","1551157378634","1550990400682"],"settings":{"section_title":"Frequently asked questions","section_content":"Lorem ipsum dolor sit amet, consectetur adipiscing elit. Donec id erat sagittis, faucibus metus malesuada, eleifend turpis. Mauris semper augue id nisl aliquet, a porta lectus mattis. Nulla at tortor augue. In eget enim diam. Donec gravida tortor sem, ac fermentum nibh rutrum sit amet. Nulla convallis mauris vitae congue consequat. Donec interdum nunc purus, vitae vulputate arcu fringilla quis. Vivamus iaculis euismod dui."}},"16163906336e878b35":{"type":"slider-one","blocks":{"d63e9ddb-eccb-4bb3-a083-fab1a1d7c067":{"type":"slide1","settings":{"slider_top_thumb_enable":true,"slider_thumb_img":"shopify:\/\/shop_images\/slider-1.png","slider_title":"Flexible Chair","slider_sub_title":"New Products","slider_content":"Torem ipsum dolor sit amet, consectetur adipisicing elitsed do eiusmo tempor incididunt ut labore et dolore magna","slider_button":"Shop now","slider_button_url":"","slider_bg_color":"#e32c2b","slider_title_color":"#212121","slider_subtitle_color":"#474747","slider_content_color":"#474747","slider_btn_color":"#ffffff","slider_btn_bg_color":"#ff7004","slider_btn_bc_color":"#ff7004","slider_btn_color_hov":"#ffffff","slider_btn_bg_color_hov":"#ff862a","slider_btn_bc_color_hov":"#ff862a"}},"01166d4c-4ca1-4dad-883a-f82052c6b6ea":{"type":"slide1","settings":{"slider_top_thumb_enable":true,"slider_thumb_img":"shopify:\/\/shop_images\/slider-2.png","slider_title":"Flexible Chair","slider_sub_title":"New Products","slider_content":"Torem ipsum dolor sit amet, consectetur adipisicing elitsed do eiusmo tempor incididunt ut labore et dolore magna","slider_button":"Shop now","slider_button_url":"","slider_bg_color":"#e7e7e6","slider_title_color":"#212121","slider_subtitle_color":"#474747","slider_content_color":"#474747","slider_btn_color":"#ffffff","slider_btn_bg_color":"#ff7004","slider_btn_bc_color":"#ff7004","slider_btn_color_hov":"#ffffff","slider_btn_bg_color_hov":"#ff862a","slider_btn_bc_color_hov":"#ff862a"}}},"block_order":["d63e9ddb-eccb-4bb3-a083-fab1a1d7c067","01166d4c-4ca1-4dad-883a-f82052c6b6ea"],"settings":{"slider_on_off":"60000","autoplay_speed":5000,"slider_next_prev_btn_color":"#333333","slider_next_prev_btn_bg":"#ffffff","slider_next_prev_btn_hov_color":"#ffffff","slider_next_prev_btn_hov_bg":"#ff7004"}},"16164083664ad76a55":{"type":"slider-two","disabled":true,"blocks":{"16164083664ad76a55-0":{"type":"slide3","settings":{"slider_bg_img3":"shopify:\/\/shop_images\/slider-2-1.jpg","slider_title":"Flexible Sofa Set","slider_sub_title":"New Products","slider_content":"Torem ipsum dolor sit amet, consectetur adipisicing elitsed do eiusmo tempor incididunt ut labore et dolore magna","slider_button":"Shop now","slider_button_url":"","slider_title_color":"#ffffff","slider_subtitle_color":"#ffffff","slider_content_color":"#ffffff","slider_btn_color":"#ffffff","slider_btn_bg_color":"#ff7004","slider_btn_bc_color":"#ff7004","slider_btn_color_hov":"#ffffff","slider_btn_bg_color_hov":"#ff862a","slider_btn_bc_color_hov":"#ff862a"}},"16164083664ad76a55-1":{"type":"slide3","settings":{"slider_bg_img3":"shopify:\/\/shop_images\/slider-2-2.jpg","slider_title":"Flexible Sofa Set","slider_sub_title":"New Products","slider_content":"Torem ipsum dolor sit amet, consectetur adipisicing elitsed do eiusmo tempor incididunt ut labore et dolore magna","slider_button":"Shop now","slider_button_url":"","slider_title_color":"#ffffff","slider_subtitle_color":"#ffffff","slider_content_color":"#ffffff","slider_btn_color":"#ffffff","slider_btn_bg_color":"#ff7004","slider_btn_bc_color":"#ff7004","slider_btn_color_hov":"#ffffff","slider_btn_bg_color_hov":"#ff862a","slider_btn_bc_color_hov":"#ff862a"}}},"block_order":["16164083664ad76a55-0","16164083664ad76a55-1"],"settings":{"slider_on_off":"60000","autoplay_speed":5000,"slider_next_prev_btn_color":"#212121","slider_next_prev_btn_bg":"#ffffff","slider_next_prev_btn_hov_color":"#ffffff","slider_next_prev_btn_hov_bg":"#ff7004"}},"1616581057295f1b47":{"type":"collection-slider","blocks":{"1616581057295f1b47-1":{"type":"collection_slider","settings":{"collection_handle":"featured","collection_img":"custom","banner_grid_image":"shopify:\/\/shop_images\/1.png","banner_title":"Office Chair"}},"1616581057295f1b47-2":{"type":"collection_slider","settings":{"collection_handle":"","collection_img":"custom","banner_grid_image":"shopify:\/\/shop_images\/2.png","banner_title":"Book Shelf"}},"1616581057295f1b47-3":{"type":"collection_slider","settings":{"collection_handle":"","collection_img":"custom","banner_grid_image":"shopify:\/\/shop_images\/3.png","banner_title":"Light & Sofa"}},"1616581057295f1b47-4":{"type":"collection_slider","settings":{"collection_handle":"","collection_img":"custom","banner_grid_image":"shopify:\/\/shop_images\/5.png","banner_title":"Reading Table"}},"8b2c2404-ce17-4789-aea0-c1850a2eeb19":{"type":"collection_slider","settings":{"collection_handle":"","collection_img":"custom","banner_grid_image":"shopify:\/\/shop_images\/4.png","banner_title":"Corner Table"}}},"block_order":["1616581057295f1b47-1","1616581057295f1b47-2","1616581057295f1b47-3","1616581057295f1b47-4","8b2c2404-ce17-4789-aea0-c1850a2eeb19"],"settings":{"fullwidth_on":false,"product_col":"3","title_color":"#474747","title_color_hov":"#ff7004","banner_border_color":"#474747","banner_border_color_hov":"#ff7004"}},"1616922073a1ccf5b9":{"type":"banner-grid","blocks":{"1616922073a1ccf5b9-0":{"type":"banner","settings":{"ban_col_lg":"6","ban_col":"6","banner_content_alingment":"end","img1":"shopify:\/\/shop_images\/1.jpg","t2":"Sale Furniture <br> For Summer","t1":"Great Discounts Here","btn1_url":"shopify:\/\/collections\/all","t1_color":"#212121","st_color":"#474747"}},"1616922073a1ccf5b9-1":{"type":"banner","settings":{"ban_col_lg":"6","ban_col":"6","banner_content_alingment":"start","img1":"shopify:\/\/shop_images\/2_76701094-614e-430a-b890-56a394c1e885.jpg","t2":"Office Chair <br> For Best Offer","t1":"Great Discounts Here","btn1_url":"shopify:\/\/collections\/all","t1_color":"#212121","st_color":"#474747"}},"ca6d0961-54ac-41b9-a9c8-af7d67960a8b":{"type":"section_padding","settings":{"section_padding_top":60,"section_padding_bottom":85,"section_padding_top_md":50,"section_padding_bottom_md":75,"section_padding_top_xs":40,"section_padding_bottom_xs":60}}},"block_order":["1616922073a1ccf5b9-0","1616922073a1ccf5b9-1","ca6d0961-54ac-41b9-a9c8-af7d67960a8b"],"settings":{"fullwidth_on":false}},"16169308084e350597":{"type":"instagram-feed-gallery","blocks":{"16169308084e350597-0":{"type":"instagram_item","settings":{"ban_col_lg":"3","ban_col_md":"6","ban_col_sm":"6","img1":"shopify:\/\/shop_images\/1_82407c9c-f3fd-4c0a-b178-256198eb8308.png","btn1_url":"#"}},"16169308084e350597-1":{"type":"instagram_item","settings":{"ban_col_lg":"3","ban_col_md":"6","ban_col_sm":"6","img1":"shopify:\/\/shop_images\/2_b6694638-fd35-494e-a93a-919df617cef6.png","btn1_url":"#"}},"16169308084e350597-2":{"type":"instagram_item","settings":{"ban_col_lg":"3","ban_col_md":"6","ban_col_sm":"6","img1":"shopify:\/\/shop_images\/3_5327d69f-c9e4-40d5-b218-356c0062b440.png","btn1_url":"#"}},"16169308084e350597-3":{"type":"instagram_item","settings":{"ban_col_lg":"3","ban_col_md":"6","ban_col_sm":"6","img1":"shopify:\/\/shop_images\/4_ceac24e4-0694-4a93-9411-1498bfd60f1a.png","btn1_url":"#"}},"a19d5134-abb0-4877-b579-7f7c06f365bc":{"type":"section_padding","settings":{"section_padding_top":0,"section_padding_bottom":100,"section_padding_top_md":0,"section_padding_bottom_md":85,"section_padding_top_xs":0,"section_padding_bottom_xs":60}}},"block_order":["16169308084e350597-0","16169308084e350597-1","16169308084e350597-2","16169308084e350597-3","a19d5134-abb0-4877-b579-7f7c06f365bc"],"settings":{"fullwidth_on":false,"section_title":"Follow Us Instagram","section_sub_title":"Torem ipsum dolor sit amet, consectetur adipisicing elitsed do eiusmo tempor incididunt ut labore"}},"1616935118821ebc1f":{"type":"banner-grid-two","disabled":true,"blocks":{"1616935118821ebc1f-0":{"type":"banner","settings":{"ban_col_lg":"4","ban_col":"4","banner_content_alingment":"start","img1":"shopify:\/\/shop_images\/5.jpg","t2":"New Office Chair <br> Collection","button":"Shop Now","btn1_url":"","t1_color":"#212121","btn_color":"#474747","btn_color_hov":"#ff7004"}},"1616935118821ebc1f-1":{"type":"banner","settings":{"ban_col_lg":"4","ban_col":"4","banner_content_alingment":"start","img1":"shopify:\/\/shop_images\/6.jpg","t2":"Living Room <br> Collection","button":"Shop Now","btn1_url":"","t1_color":"#212121","btn_color":"#474747","btn_color_hov":"#ff7004"}},"3a170f70-4997-4635-8137-e515d26733be":{"type":"banner","settings":{"ban_col_lg":"4","ban_col":"4","banner_content_alingment":"start","img1":"shopify:\/\/shop_images\/7.jpg","t2":"Children Room <br> Collection","button":"Shop Now","btn1_url":"","t1_color":"#212121","btn_color":"#474747","btn_color_hov":"#ff7004"}},"407e7b06-cb25-4c5c-af2a-eee4bcc63ac3":{"type":"section_padding","settings":{"section_padding_top":50,"section_padding_bottom":100,"section_padding_top_md":40,"section_padding_bottom_md":80,"section_padding_top_xs":30,"section_padding_bottom_xs":65}}},"block_order":["1616935118821ebc1f-0","1616935118821ebc1f-1","3a170f70-4997-4635-8137-e515d26733be","407e7b06-cb25-4c5c-af2a-eee4bcc63ac3"],"settings":{"fullwidth_on":false}},"contact-map":{"type":"contact-map","settings":{"google_map_enable":true,"google_map_api_key":"AIzaSyCBEypW1XtGLWpikFPcityAok8rhJzzWRw","latitude":"47.606205","languid":"-122.332046","map_icon_image":"shopify:\/\/shop_images\/google-maps-png.png"}},"welcome-to-furns":{"type":"welcome-to-furns","settings":{"fullwidth_on":false,"about_image":"shopify:\/\/shop_images\/1_691c967f-c95a-4e7b-b09f-2cd61227016f.jpg","about_title":"Welcome To Furns","about_content":"<p class=\"mb-6\" data-aos=\"fade-up\" data-aos-delay=\"200\">\n                            Lorem ipsum dolor sit amet, consectetur adipisicing elit. Labore aperiam fugit consequuntur\n                            voluptatibus ex sint iure in, distinctio sed dolorem aspernatur veritatis repellendus\n                            dolorum voluptate, animi libero officiis eveniet accusamus recusandae. Temporibus\n                            amet ducimus sapiente voluptatibus autem dolorem magnam quas, porro suscipit. Quibusdam\n                            culpa asperiores exercitationem architecto quo distinctio sed dolorem!\n                        <\/p>\n                        <p data-aos=\"fade-up\" data-aos-delay=\"300\">\n                            Sint voluptatum beatae necessitatibus quos mollitia vero, optio asperiores aut tempora iusto\n                            eum rerum, possimus, minus quidem ut saepe laboriosam. Praesentium aperiam accusantium minus\n                            repellendus laudantium provident quod recusandae exercitationem natus\n                            dignissimos.\n                        <\/p>"}},"skill-bar":{"type":"skill-bar","blocks":{"1ca1aede-bf09-400a-9edd-d35d1002fc71":{"type":"progress_bar_area","settings":{"progress_title":"UI\/UX","progress_value":"45","data_aos_delay":"0","text_color":"#212121","progress_color":"#ff7004"}},"c2e5505a-c8bc-4d9f-b9e9-a02bbc536f49":{"type":"progress_bar_area","settings":{"progress_title":"Ideas","progress_value":"70","data_aos_delay":"0","text_color":"#212121","progress_color":"#ff7004"}},"654564a7-706f-413c-ac34-c49ac5f0cf53":{"type":"progress_bar_area","settings":{"progress_title":"Design","progress_value":"85","data_aos_delay":"0","text_color":"#212121","progress_color":"#ff7004"}}},"block_order":["1ca1aede-bf09-400a-9edd-d35d1002fc71","c2e5505a-c8bc-4d9f-b9e9-a02bbc536f49","654564a7-706f-413c-ac34-c49ac5f0cf53"],"settings":{"progress_enable":true,"progress_bar_top_title":"Functionality Meets Perfection","progress_bar_top_content":"In today’s day and age, one cannot underestimate the importance of design, the art of creating striking visuals to move and captivate your audience. And as the world becomes more and more digitized with each passing second, the importance of graphic design has been rocketed to the top."}},"brand-logo":{"type":"brand-logo","blocks":{"b4bd7174-e349-4908-a2c6-44501769e4bd":{"type":"brand_logo","settings":{"brand_logo_img":"shopify:\/\/shop_images\/company-logo-1.png","slider_button_url":"shopify:\/\/collections"}},"0fd1888d-6658-4e69-9469-5808f9aaeda1":{"type":"brand_logo","settings":{"brand_logo_img":"shopify:\/\/shop_images\/company-logo-2.png","slider_button_url":"shopify:\/\/collections"}},"eca8c60f-c018-485a-beab-194360e6abed":{"type":"brand_logo","settings":{"brand_logo_img":"shopify:\/\/shop_images\/company-logo-3.png","slider_button_url":"shopify:\/\/collections"}},"624482cf-f54f-49de-b18c-7acf2f0faa56":{"type":"brand_logo","settings":{"brand_logo_img":"shopify:\/\/shop_images\/company-logo-4.png","slider_button_url":"shopify:\/\/collections"}},"bf5b0891-1a67-44da-bf3f-db44231a8801":{"type":"brand_logo","settings":{"brand_logo_img":"shopify:\/\/shop_images\/company-logo-5.png","slider_button_url":"shopify:\/\/collections"}},"b702918d-ec1f-4416-8dd7-64bceabcc4a2":{"type":"brand_logo","settings":{"brand_logo_img":"shopify:\/\/shop_images\/company-logo-6.png","slider_button_url":"shopify:\/\/collections"}},"e61a688d-a82a-43be-9008-241209a26a74":{"type":"brand_logo","settings":{"brand_logo_img":"shopify:\/\/shop_images\/company-logo-7.png","slider_button_url":"shopify:\/\/collections"}},"954f5088-c1a8-4a4e-93fd-7f6258f4b0a5":{"type":"brand_logo","settings":{"brand_logo_img":"shopify:\/\/shop_images\/company-logo-8.png","slider_button_url":"shopify:\/\/collections"}}},"block_order":["b4bd7174-e349-4908-a2c6-44501769e4bd","0fd1888d-6658-4e69-9469-5808f9aaeda1","eca8c60f-c018-485a-beab-194360e6abed","624482cf-f54f-49de-b18c-7acf2f0faa56","bf5b0891-1a67-44da-bf3f-db44231a8801","b702918d-ec1f-4416-8dd7-64bceabcc4a2","e61a688d-a82a-43be-9008-241209a26a74","954f5088-c1a8-4a4e-93fd-7f6258f4b0a5"],"settings":{"fullwidth_on":false,"section_title":"Shop by hot brand","brand_logo_column":6}},"banner-grid-three":{"type":"banner-grid-three","blocks":{"500c5e61-679c-4e22-a5c0-2aef22bbab1f":{"type":"banner_grid2","settings":{"banner_col":8,"banner_col_md":8,"banner_images":"shopify:\/\/shop_images\/8_5a72239b-d846-4796-835c-79c8fa66a6d4.jpg"}},"9d2c872a-8f88-4771-9bd4-cdd20b091586":{"type":"banner_grid_dubble2","settings":{"banner_col":4,"banner_col_md":4,"banner_images_1":"shopify:\/\/shop_images\/9.jpg","banner_images_2":"shopify:\/\/shop_images\/10.jpg"}}},"block_order":["500c5e61-679c-4e22-a5c0-2aef22bbab1f","9d2c872a-8f88-4771-9bd4-cdd20b091586"],"settings":{"fullwidth_on":false}},"team-members":{"type":"team-members","blocks":{"6fb73bad-9f38-43d0-b878-1a2c6cd8e68f":{"type":"team_member","settings":{"member_img":"shopify:\/\/shop_images\/leader1.png","member_name":"Ms. Veronica","member_desig":"Web Designer","show_fb":true,"show_twitter":true,"show_instagram":true,"show_linkedin":true,"show_rss":true}},"7e392e4e-4351-4f5c-8db3-f6bd3d7cafff":{"type":"team_member","settings":{"member_img":"shopify:\/\/shop_images\/leader2.png","member_name":"Missa Santos","member_desig":"CEO Founder","show_fb":true,"show_twitter":true,"show_instagram":true,"show_linkedin":true,"show_rss":true}},"644bbe18-c0a0-482c-8d09-997ae98e16a2":{"type":"team_member","settings":{"member_img":"shopify:\/\/shop_images\/leader3.png","member_name":"Missa Santos","member_desig":"Chief Officer","show_fb":true,"show_twitter":true,"show_instagram":true,"show_linkedin":true,"show_rss":true}},"f041b73e-ca0b-47bb-8367-b110764b098f":{"type":"team_member","settings":{"member_img":"shopify:\/\/shop_images\/leader4.png","member_name":"Lisa Antonia","member_desig":"CEO","show_fb":true,"show_twitter":true,"show_instagram":true,"show_linkedin":true,"show_rss":true}}},"block_order":["6fb73bad-9f38-43d0-b878-1a2c6cd8e68f","7e392e4e-4351-4f5c-8db3-f6bd3d7cafff","644bbe18-c0a0-482c-8d09-997ae98e16a2","f041b73e-ca0b-47bb-8367-b110764b098f"],"settings":{"show_team_section":true,"fullwidth_on":false,"team_title":"Meet Our Team","member_col_lg":"3","member_col_md":"6","member_col_sm":"6"}}},"content_for_index":["16163906336e878b35","16164083664ad76a55","1616581057295f1b47","1542283170340","1616922073a1ccf5b9","1541244011012","16169308084e350597","1550479578338","1537685012881","1541245747444","1538917065030","1533451712483","1533464790132","1550482074326","1543480384117","1538915260427","1550989844012","1616935118821ebc1f"]},"presets":{"Default":{"ajax_cart_method":"drawer","cart_notes_enable":true,"color_body_bg":"#fff","color_body_text":"#333333","color_borders":"#e5e5e5","color_footer_bg":"#f2f2f2","color_footer_social_link":"#bbbbbb","color_footer_text":"#636363","color_primary":"#747474","color_secondary":"#bbb","favicon_enable":false,"footer_newsletter_enable":true,"footer_social_enable":true,"logo_use_image":false,"social_facebook_link":"","social_twitter_link":""}}}