{"sections":{"main":{"type":"article-template","blocks":{"5d293886-e95c-4523-9d00-553be8beb105":{"type":"search","settings":{"widget_title":"Search"}},"2f185c6e-dde7-45dd-9376-2f51fdbf266e":{"type":"recent_post","settings":{"recent_post_title":"Recent Post","recent_post_limit_handle":3}},"a2abae6a-7f19-43ad-9045-06bce2601684":{"type":"archive","settings":{"archive_title":"Archive"}},"3deebb13-66c6-4b40-b950-2b23356ea860":{"type":"tag","settings":{"blog_tags_title":"Tags","blog_tags_list_limit_handle":10}}},"block_order":["5d293886-e95c-4523-9d00-553be8beb105","2f185c6e-dde7-45dd-9376-2f51fdbf266e","a2abae6a-7f19-43ad-9045-06bce2601684","3deebb13-66c6-4b40-b950-2b23356ea860"],"settings":{"comment_post_limit_handle":5,"sidebar_handle":"left_sidebar_handle"}}},"order":["main"]}