{"sections":{"main-blog":{"type":"blog-template","blocks":{"73ac7afb-22aa-4bb9-9324-3971c2629d45":{"type":"search","settings":{"widget_title":"Search"}},"f3feecb4-9701-4b99-ae48-3a7f14e4c1e9":{"type":"recent_post","settings":{"recent_post_title":"Recent Post","recent_post_limit_handle":3}},"08e2dd18-7a6b-483b-95ec-597556cbf595":{"type":"archive","settings":{"archive_title":"Archive"}},"f559b61d-a933-487b-b53d-9799d0398975":{"type":"tag","settings":{"blog_tags_title":"Tags","blog_tags_list_limit_handle":10}}},"block_order":["73ac7afb-22aa-4bb9-9324-3971c2629d45","f3feecb4-9701-4b99-ae48-3a7f14e4c1e9","08e2dd18-7a6b-483b-95ec-597556cbf595","f559b61d-a933-487b-b53d-9799d0398975"],"settings":{"blog_limit_handle":4,"blog_column":"4","blog_column_md":"6","blog_column_xs":"12","sidebar_handle":"left_sidebar_handle"}}},"order":["main-blog"]}