{"sections":{"main":{"type":"collection-list-template","blocks":{"a5619357-4aa6-40c2-9bac-694e90c0af8b":{"type":"search","settings":{"widget_title":"Search"}},"72b9d25b-e5b8-46f8-8f20-2ec2f45f5b04":{"type":"category","settings":{"widget_title":"Categories","categories_list_limit_hanlde":5}},"95792d6b-7e3e-47b2-a952-504ae9d91338":{"type":"vendor","settings":{"widget_title":"Vendors","vendors_list_limit_hanlde":5}},"b0ca4aae-a8d6-4402-bfda-ed1a6ca65505":{"type":"type","settings":{"widget_title":"Products Types","types_list_limit_hanlde":5}},"dcf68071-a2c5-4577-99d8-ec40d0f0a349":{"type":"color","settings":{"widget_title":"Color","color_picker":"red, green, blue, yellow, white, gold, gray, magenta, maroon, navy, purple, violet, black, pink, orange, silver","colors_list_limit_hanlde":10}},"cca4d32e-7546-47a8-be58-419813410e00":{"type":"size","settings":{"widget_title":"Size","size_picker":"s, m, l, xl, xxl","size_list_limit_hanlde":5}},"23a58226-007a-41da-b05b-655310173c0a":{"type":"tag","settings":{"widget_title":"Tags","tags_list_limit_hanlde":15}}},"block_order":["a5619357-4aa6-40c2-9bac-694e90c0af8b","72b9d25b-e5b8-46f8-8f20-2ec2f45f5b04","95792d6b-7e3e-47b2-a952-504ae9d91338","b0ca4aae-a8d6-4402-bfda-ed1a6ca65505","dcf68071-a2c5-4577-99d8-ec40d0f0a349","cca4d32e-7546-47a8-be58-419813410e00","23a58226-007a-41da-b05b-655310173c0a"],"settings":{"products_limit_handle":12,"tab_bar_enable":true,"showing_product_counter_enable":true,"showing_title_handle":"Showing | of | result","short_by_enable":true,"sidebar_handle":"left_sidebar_handle"}}},"order":["main"]}