{"sections":{"main":{"type":"collection-template","blocks":{"a8b54436-9cd6-495e-9b36-24bdcaff2184":{"type":"category","settings":{"widget_title":"Categories","categories_list_limit_hanlde":5}},"9a5b2263-dfef-42a1-86e5-598e29932e59":{"type":"size","settings":{"widget_title":"Size","size_picker":"s, m, l, xl, xxl","size_list_limit_hanlde":5}},"a3f90811-f932-4436-9d4d-ed61f5bc7dd4":{"type":"color","settings":{"widget_title":"Color","color_picker":"red, green, blue, yellow, white, gold, gray, magenta, maroon, navy, purple, violet, black, pink, orange, silver","colors_list_limit_hanlde":10}},"0617acc5-83c4-4c4d-8e09-1ba072bef8dc":{"type":"vendor","settings":{"widget_title":"Vendors","vendors_list_limit_hanlde":5}},"6b8afc9f-810e-4b46-8ab3-c6bdb16a7df8":{"type":"type","settings":{"widget_title":"Products Types","types_list_limit_hanlde":5}},"1f427abe-db6e-4667-964e-8e3a5ccdb131":{"type":"tag","settings":{"widget_title":"Tags","tags_list_limit_hanlde":15}}},"block_order":["a8b54436-9cd6-495e-9b36-24bdcaff2184","9a5b2263-dfef-42a1-86e5-598e29932e59","a3f90811-f932-4436-9d4d-ed61f5bc7dd4","0617acc5-83c4-4c4d-8e09-1ba072bef8dc","6b8afc9f-810e-4b46-8ab3-c6bdb16a7df8","1f427abe-db6e-4667-964e-8e3a5ccdb131"],"settings":{"fullwidth_on":false,"products_limit_handle":12,"product_column":"4","product_column_md":"6","product_column_xs":"6","tab_bar_enable":true,"showing_product_counter_enable":true,"showing_title_handle":"Showing | of | result","short_by_enable":true,"sidebar_handle":"right_sidebar_handle"}}},"order":["main"]}