{"sections":{"main":{"type":"list-collection-template","blocks":{"ab7936b6-5a69-43c7-8375-228c89e864ce":{"type":"custom_collection","settings":{"featured_product_handle":"featured"}},"eeab4f66-cd4c-45ef-9199-e570076074e4":{"type":"section_padding","settings":{"section_padding_top":100,"section_padding_bottom":100,"section_padding_top_md":70,"section_padding_bottom_md":70,"section_padding_top_xs":40,"section_padding_bottom_xs":40}}},"block_order":["ab7936b6-5a69-43c7-8375-228c89e864ce","eeab4f66-cd4c-45ef-9199-e570076074e4"],"settings":{"collection_type":"collection_product","collection_handle":"all_collection","section_text_align":"section_text_center","product_column":"3","product_column_md":"4","product_column_xs":"12","products_limit_handle":4,"more_title":"More"}}},"order":["main"]}