{"sections":{"contact-map":{"type":"contact-map","settings":{"google_map_enable":true,"google_map_api_key":"AIzaSyCBEypW1XtGLWpikFPcityAok8rhJzzWRw","latitude":"47.606205","languid":"-122.332046","map_icon_image":"shopify:\/\/shop_images\/google-maps-png.png"}},"contact-template":{"type":"contact-template","settings":{"contact_form_enable":true,"form_title":"Get In Touch","name_placeholder":"Your name *","email_placeholder":"Your email *","subject_placeholder":"Subject","message_placeholder":"Type your message here..","form_button_name":"Send","contact_information_enable":true,"contact_info_title":"Contact Info","phone_title_1":"Phone :","phone_number_content":"+012 345 678 102 <br> +012 345 678 102","email_title_1":"Email :","email_content":"urname@email.com <br> urwebsitenaem.com>","address_title_1":"Address :","address_content_1":"Address goes here, <br> street, Crossroad 123.","social_title_1":"Follow Us","social_enable":true}}},"order":["contact-map","contact-template"]}