{"sections":{"main":{"type":"faq-template","blocks":{"da443db3-3818-46a6-9001-bcf05433e78f":{"type":"faq","settings":{"accordion_title":"Mauris Congue Euismod Purus At Semper?","accordion_content":"<p>1. Anim pariatur cliche reprehenderit, enim eiusmod high life accusamus terry richardson ad squid. 3 wolf moon officia aute, non cupidatat skateboard dolor brunch. Food truck quinoa nesciunt laborum eiusmod. Brunch 3 wolf moon tempor, sunt aliqua put a bird on it squid single-origin coffee nulla assumenda shoreditch et. Nihil anim keffiyeh helvetica, craft beer labore wes anderson cred nesciunt sapiente ea proident. Ad vegan excepteur butcher vice lomo. Leggings occaecat craft beer farm-to-table, raw denim aesthetic synth nesciunt you probably haven't heard of them accusamus labore sustainable VHS.<br\/><br\/><\/p>"}},"49fbf678-ad2b-455c-94b6-85e0fdce3740":{"type":"faq","settings":{"accordion_title":"Donec mattis finibus elit ut tristique?","accordion_content":"<p>2. Anim pariatur cliche reprehenderit, enim eiusmod high life accusamus terry richardson ad squid. 3 wolf moon officia aute, non cupidatat skateboard dolor brunch. Food truck quinoa nesciunt laborum eiusmod. Brunch 3 wolf moon tempor, sunt aliqua put a bird on it squid single-origin coffee nulla assumenda shoreditch et. Nihil anim keffiyeh helvetica, craft beer labore wes anderson cred nesciunt sapiente ea proident. Ad vegan excepteur butcher vice lomo. Leggings occaecat craft beer farm-to-table, raw denim aesthetic synth nesciunt you probably haven't heard of them accusamus labore sustainable VHS.<br\/><\/p>"}},"5e9027e3-f62f-4e58-ab60-506ab850d439":{"type":"faq","settings":{"accordion_title":"Aenean elit orci, efficitur quis  nisl?","accordion_content":"<p>3. Anim pariatur cliche reprehenderit, enim eiusmod high life accusamus terry richardson ad squid. 3 wolf moon officia aute, non cupidatat skateboard dolor brunch. Food truck quinoa nesciunt laborum eiusmod. Brunch 3 wolf moon tempor, sunt aliqua put a bird on it squid single-origin coffee nulla assumenda shoreditch et. Nihil anim keffiyeh helvetica, craft beer labore wes anderson cred nesciunt sapiente ea proident. Ad vegan excepteur butcher vice lomo. Leggings occaecat craft beer farm-to-table, raw denim aesthetic synth nesciunt you probably haven't heard of them accusamus labore sustainable VHS.<br\/><\/p>"}},"f5cfd11f-2d6d-428e-8508-a39dbee8b3fa":{"type":"faq","settings":{"accordion_title":"Pellentesque habitant morbi  tristique?","accordion_content":"<p>4. Anim pariatur cliche reprehenderit, enim eiusmod high life accusamus terry richardson ad squid. 3 wolf moon officia aute, non cupidatat skateboard dolor brunch. Food truck quinoa nesciunt laborum eiusmod. Brunch 3 wolf moon tempor, sunt aliqua put a bird on it squid single-origin coffee nulla assumenda shoreditch et. Nihil anim keffiyeh helvetica, craft beer labore wes anderson cred nesciunt sapiente ea proident. Ad vegan excepteur butcher vice lomo. Leggings occaecat craft beer farm-to-table, raw denim aesthetic synth nesciunt you probably haven't heard of them accusamus labore sustainable VHS.<\/p>"}},"9d0a5f50-5d50-4e9a-9739-dcfe2c341670":{"type":"faq","settings":{"accordion_title":"Nam pellentesque aliquam metus?","accordion_content":"<p>5. Anim pariatur cliche reprehenderit, enim eiusmod high life accusamus terry richardson ad squid. 3 wolf moon officia aute, non cupidatat skateboard dolor brunch. Food truck quinoa nesciunt laborum eiusmod. Brunch 3 wolf moon tempor, sunt aliqua put a bird on it squid single-origin coffee nulla assumenda shoreditch et. Nihil anim keffiyeh helvetica, craft beer labore wes anderson cred nesciunt sapiente ea proident. Ad vegan excepteur butcher vice lomo. Leggings occaecat craft beer farm-to-table, raw denim aesthetic synth nesciunt you probably haven't heard of them accusamus labore sustainable VHS.<\/p>"}}},"block_order":["da443db3-3818-46a6-9001-bcf05433e78f","49fbf678-ad2b-455c-94b6-85e0fdce3740","5e9027e3-f62f-4e58-ab60-506ab850d439","f5cfd11f-2d6d-428e-8508-a39dbee8b3fa","9d0a5f50-5d50-4e9a-9739-dcfe2c341670"],"settings":{"section_title":"Below are frequently asked questions, you may find the answer for yourself","section_content":"Lorem ipsum dolor sit amet, consectetur adipiscing elit. Donec id erat sagittis, faucibus metus malesuada, eleifend turpis. Mauris semper augue id nisl aliquet, a porta lectus mattis. Nulla at tortor augue. In eget enim diam. Donec gravida tortor sem, ac fermentum nibh rutrum sit amet. Nulla convallis mauris vitae congue consequat. Donec interdum nunc purus, vitae vulputate arcu fringilla quis. Vivamus iaculis euismod dui.."}}},"order":["main"]}