{"sections":{"welcome-to-furns":{"type":"welcome-to-furns","settings":{"fullwidth_on":false,"about_image":"shopify:\/\/shop_images\/1_691c967f-c95a-4e7b-b09f-2cd61227016f.jpg","about_title":"Welcome To Furns","about_content":"<p class=\"mb-6\" data-aos=\"fade-up\" data-aos-delay=\"200\">\n                            Lorem ipsum dolor sit amet, consectetur adipisicing elit. Labore aperiam fugit consequuntur\n                            voluptatibus ex sint iure in, distinctio sed dolorem aspernatur veritatis repellendus\n                            dolorum voluptate, animi libero officiis eveniet accusamus recusandae. Temporibus\n                            amet ducimus sapiente voluptatibus autem dolorem magnam quas, porro suscipit. Quibusdam\n                            culpa asperiores exercitationem architecto quo distinctio sed dolorem!\n                        <\/p>\n                        <p data-aos=\"fade-up\" data-aos-delay=\"300\">\n                            Sint voluptatum beatae necessitatibus quos mollitia vero, optio asperiores aut tempora iusto\n                            eum rerum, possimus, minus quidem ut saepe laboriosam. Praesentium aperiam accusantium minus\n                            repellendus laudantium provident quod recusandae exercitationem natus\n                            dignissimos.\n                        <\/p>"}},"skill-bar":{"type":"skill-bar","blocks":{"29b6a9ba-006c-427d-82e9-410a6d6c5777":{"type":"progress_bar_area","settings":{"progress_title":"UI\/UX","progress_value":"45","data_aos_delay":"0","text_color":"#212121","progress_color":"#ff7004"}},"02eb0256-64b8-4aea-b556-0c4138dbfb80":{"type":"progress_bar_area","settings":{"progress_title":"Ideas","progress_value":"70","data_aos_delay":"0","text_color":"#212121","progress_color":"#ff7004"}},"8e46702a-a3dd-4a6b-919e-f19e5e2f0713":{"type":"progress_bar_area","settings":{"progress_title":"Design","progress_value":"85","data_aos_delay":"0","text_color":"#212121","progress_color":"#ff7004"}}},"block_order":["29b6a9ba-006c-427d-82e9-410a6d6c5777","02eb0256-64b8-4aea-b556-0c4138dbfb80","8e46702a-a3dd-4a6b-919e-f19e5e2f0713"],"settings":{"progress_enable":true,"progress_bar_top_title":"Functionality Meets Perfection","progress_bar_top_content":"In today’s day and age, one cannot underestimate the importance of design, the art of creating striking visuals to move and captivate your audience. And as the world becomes more and more digitized with each passing second, the importance of graphic design has been rocketed to the top."}},"banner-grid-three":{"type":"banner-grid-three","blocks":{"c8d72ad8-ab12-463f-9382-fd90dc456ea0":{"type":"banner_grid2","settings":{"banner_col":8,"banner_col_md":8,"banner_images":"shopify:\/\/shop_images\/8_5a72239b-d846-4796-835c-79c8fa66a6d4.jpg"}},"a02f8d3a-611e-44c8-bfa9-cd07766d4404":{"type":"banner_grid_dubble2","settings":{"banner_col":4,"banner_col_md":4,"banner_images_1":"shopify:\/\/shop_images\/9.jpg","banner_images_2":"shopify:\/\/shop_images\/10.jpg"}}},"block_order":["c8d72ad8-ab12-463f-9382-fd90dc456ea0","a02f8d3a-611e-44c8-bfa9-cd07766d4404"],"settings":{"fullwidth_on":false}},"team-members":{"type":"team-members","blocks":{"17a7990f-8b45-4f4f-95e8-a620b5ed48bb":{"type":"team_member","settings":{"member_img":"shopify:\/\/shop_images\/leader1.png","member_name":"Ms. Veronica","member_desig":"Web Designer","show_fb":true,"fb_url":"","show_twitter":true,"twitter_url":"","show_instagram":true,"instagram_url":"","show_linkedin":true,"linkedin_url":"","show_rss":true,"rss_url":""}},"6839a966-5e5b-4bf0-bcb1-b015b79d46c4":{"type":"team_member","settings":{"member_img":"shopify:\/\/shop_images\/leader2.png","member_name":"Missa Santos","member_desig":"CEO Founder","show_fb":true,"fb_url":"","show_twitter":true,"twitter_url":"","show_instagram":true,"instagram_url":"","show_linkedin":true,"linkedin_url":"","show_rss":true,"rss_url":""}},"8a1843f1-d9e9-47b4-a9a2-e9880344e042":{"type":"team_member","settings":{"member_img":"shopify:\/\/shop_images\/leader3.png","member_name":"Missa Santos","member_desig":"Chief Officer","show_fb":true,"fb_url":"","show_twitter":true,"twitter_url":"","show_instagram":true,"instagram_url":"","show_linkedin":true,"linkedin_url":"","show_rss":true,"rss_url":""}},"c10b8c88-83b9-430f-abed-49117cdb8d54":{"type":"team_member","settings":{"member_img":"shopify:\/\/shop_images\/leader4.png","member_name":"Lisa Antonia","member_desig":"CEO","show_fb":true,"fb_url":"","show_twitter":true,"twitter_url":"","show_instagram":true,"instagram_url":"","show_linkedin":true,"linkedin_url":"","show_rss":true,"rss_url":""}}},"block_order":["17a7990f-8b45-4f4f-95e8-a620b5ed48bb","6839a966-5e5b-4bf0-bcb1-b015b79d46c4","8a1843f1-d9e9-47b4-a9a2-e9880344e042","c10b8c88-83b9-430f-abed-49117cdb8d54"],"settings":{"show_team_section":true,"fullwidth_on":false,"team_title":"Meet Our Team","member_col_lg":"3","member_col_md":"6","member_col_sm":"6"}},"brand-logo":{"type":"brand-logo","blocks":{"0a93efef-4e6c-4a8c-98ef-899d58534267":{"type":"brand_logo","settings":{"brand_logo_img":"shopify:\/\/shop_images\/company-logo-1.png","slider_button_url":"shopify:\/\/collections"}},"f3676aaf-f525-49a4-8d17-48841dd0dee4":{"type":"brand_logo","settings":{"brand_logo_img":"shopify:\/\/shop_images\/company-logo-4.png","slider_button_url":"shopify:\/\/collections\/top-product"}},"2abe7320-5683-4b50-b2ea-3ab9c427a157":{"type":"brand_logo","settings":{"brand_logo_img":"shopify:\/\/shop_images\/company-logo-3.png","slider_button_url":"shopify:\/\/collections\/new-arrivala"}},"944061db-5658-4827-9a33-145348714cf1":{"type":"brand_logo","settings":{"brand_logo_img":"shopify:\/\/shop_images\/company-logo-4.png","slider_button_url":"shopify:\/\/collections\/featured"}},"6857b1f0-cc8f-43f7-8479-10f9b3bfbcaa":{"type":"brand_logo","settings":{"brand_logo_img":"shopify:\/\/shop_images\/company-logo-5.png","slider_button_url":"shopify:\/\/collections\/top-rated"}},"77c38b9d-db71-4501-9dab-5bae08f2966e":{"type":"brand_logo","settings":{"brand_logo_img":"shopify:\/\/shop_images\/company-logo-6.png","slider_button_url":"shopify:\/\/collections"}},"17dfb1e0-6b58-40ca-9f21-22f4b28b6f53":{"type":"brand_logo","settings":{"brand_logo_img":"shopify:\/\/shop_images\/company-logo-7.png","slider_button_url":"shopify:\/\/collections"}},"580e9520-d1b2-4d9f-8246-53c38b7c6097":{"type":"brand_logo","settings":{"brand_logo_img":"shopify:\/\/shop_images\/company-logo-8.png","slider_button_url":"shopify:\/\/collections"}}},"block_order":["0a93efef-4e6c-4a8c-98ef-899d58534267","f3676aaf-f525-49a4-8d17-48841dd0dee4","2abe7320-5683-4b50-b2ea-3ab9c427a157","944061db-5658-4827-9a33-145348714cf1","6857b1f0-cc8f-43f7-8479-10f9b3bfbcaa","77c38b9d-db71-4501-9dab-5bae08f2966e","17dfb1e0-6b58-40ca-9f21-22f4b28b6f53","580e9520-d1b2-4d9f-8246-53c38b7c6097"],"settings":{"fullwidth_on":false,"section_title":"Shop by hot brand","brand_logo_column":6}}},"order":["welcome-to-furns","skill-bar","banner-grid-three","team-members","brand-logo"]}