{"sections":{"product-template":{"type":"product-template","blocks":{"53782124-b1b1-4b51-88eb-833e656efc5b":{"type":"title","settings":{}},"ed227ed8-5cdb-46a7-abf0-4cc21acd53c6":{"type":"review","settings":{"product_review_enable":true,"review_handle":"shopify_review"}},"334c084b-f0cd-4fda-a7b5-6298c12276ad":{"type":"price","settings":{}},"c01715b4-6f8b-4517-97ab-daaa431020b6":{"type":"description","settings":{"product_description_handle":"short_description","truncatewords_count_handle":35}},"b4183fab-fb3f-4243-bcfd-39f5cc0ecd41":{"type":"variants","settings":{"product_variant_handle":"product_variant_swatch_option","show_variant_image":true}},"3fe9779a-07be-4913-a7bd-67c1694d95fb":{"type":"action_buttons","settings":{"dynamic_checkout_button_enable":true}},"f7cb5be3-1677-4f91-9edb-e3d5225d1521":{"type":"sku","settings":{"product_sku_enable":true,"product_sku_title":"SKU:"}},"365466af-9d6a-48f4-9190-a4ec2d0d9bd4":{"type":"social_shear","settings":{"social_share_enable":true,"social_share_title":"Share :"}},"56fd472e-2b50-46ce-87f7-627da15a1931":{"type":"share_and_payment","settings":{"payment_option_enable":true,"payment_information":"<p>Guaranteed safe checkout<\/p>","payment_icon":"custom_icon","amazon_payments":true,"american_express":false,"apple_pay":true,"bitcoin":true,"dankort":false,"diners_club":false,"discover":false,"dogecoin":false,"dwolla":false,"Forbrugsforeningen":false,"google_pay":true,"jcb":false,"klarna":false,"litecoin":false,"maestro":false,"master":false,"paypal":true,"shopify_pay":false,"sofort":false,"visa":true}}},"block_order":["53782124-b1b1-4b51-88eb-833e656efc5b","ed227ed8-5cdb-46a7-abf0-4cc21acd53c6","334c084b-f0cd-4fda-a7b5-6298c12276ad","c01715b4-6f8b-4517-97ab-daaa431020b6","b4183fab-fb3f-4243-bcfd-39f5cc0ecd41","3fe9779a-07be-4913-a7bd-67c1694d95fb","f7cb5be3-1677-4f91-9edb-e3d5225d1521","365466af-9d6a-48f4-9190-a4ec2d0d9bd4","56fd472e-2b50-46ce-87f7-627da15a1931"],"settings":{"content_handle":"content_in_right","product_style":"product_default","product_zoom_enable":true,"zoom_type":"inner","product_popup_enable":true}},"single-product-tab":{"type":"single-product-tab","blocks":{"00803c4d-281a-4945-9222-25af8e2d1ac0":{"type":"custom_tab","settings":{"custom_tab_title":"Shipping Policy","custom_tab_handle":"shipping-policy"}},"edf17bd9-3564-4c0d-a1f6-b3c213a254b7":{"type":"custom_tab","settings":{"custom_tab_title":"Size Chart","custom_tab_handle":"size-chart"}}},"block_order":["00803c4d-281a-4945-9222-25af8e2d1ac0","edf17bd9-3564-4c0d-a1f6-b3c213a254b7"],"settings":{"product_tab_enable":true,"tab_active_handle":"info_tab","product_info_tab_enable":true,"product_info_tab_title":"Description","product_review_tab_enable":true,"product_review_tab_title":"Reviews","review_handle":"shopify_review","product_video_title":"Video","product_comments_enable":true,"product_comments_title":"Comments","product_page_comments_box":"facebook_comment","facebook_comments_post_limit":"10","disqus_shortname":"demo-store"}},"related-product":{"type":"related-product","settings":{"related_products_enable":true,"section_title":"Related Product","product_column":"4","related_product_limit_handle":4}},"custom-collection":{"type":"custom-collection","settings":{"custom_collection_enable":true,"section_title":"You may also like","featured_product_handle":"featured","featured_product_limit_handle":8,"product_column":"3","product_column_md":"4","product_column_xs":"12"}}},"order":["product-template","single-product-tab","related-product","custom-collection"]}