[{"name":"theme_info","theme_name":"Furns - Furniture Shopify","theme_author":"HasThemes","theme_version":"1.0.1","theme_documentation_url":"https:\/\/hasthemes.com\/blog-category\/documentation\/","theme_support_url":"https:\/\/hasthemes.com\/contact-us\/"},{"name":"General Settings","settings":[{"type":"header","content":"Favicon"},{"type":"image_picker","id":"favicon","label":"Favicon Image","info":"Will be scaled down to 32 x 32px"},{"type":"header","content":"Currency"},{"type":"checkbox","id":"currency_enable","label":"Currency Enable"},{"type":"paragraph","content":"To offer multiple currencies on your online store, you must first [edit your store's currency formatting](https:\/\/help.shopify.com\/en\/manual\/using-themes\/change-the-layout\/help-script-find-money-formats)."},{"type":"paragraph","content":"Use the Country's ISO [Currency Code](http:\/\/www.xe.com\/iso4217.php)."},{"type":"textarea","id":"supported_currencies","label":"Supported currencies","default":"USD, USD - US Dollar | EUR, EUR - Euro | GBP, GBP - British Pound","info":"Ex: USD, USD - US Dollar | EUR, EUR - Euro | GBP, GBP - British Pound | INR, INR - Indian Rupee"},{"type":"header","content":"Ajax Search"},{"type":"checkbox","id":"ajax_search_enable","label":"Ajax Search Enable","default":false},{"type":"header","content":"Preloader"},{"type":"checkbox","id":"enable_preloader","label":"Preloader Enable","default":false},{"type":"select","id":"preloader_style","label":"Preloader Style","options":[{"value":"Style_1","label":"Style 1"},{"value":"Style_2","label":"Style 2"},{"value":"Style_3","label":"Style 3"},{"value":"Style_4","label":"Style 4"},{"value":"Style_5","label":"Style 5"},{"value":"Style_6","label":"Style 6"},{"value":"Style_7","label":"Style 7"},{"value":"Style_8","label":"Style 8"},{"value":"Style_9","label":"Style 9"},{"value":"Style_10","label":"Style 10"},{"value":"Style_11","label":"Style 11"},{"value":"Style_12","label":"Style 12"},{"value":"Style_13","label":"Style 13"},{"value":"Style_14","label":"Style 14"},{"value":"Style_15","label":"Style 15"},{"value":"Style_16","label":"Style 16"},{"value":"Style_17","label":"Style 17"},{"value":"Style_18","label":"Style 18"},{"value":"Style_19","label":"Style 19"}],"default":"Style_15"},{"type":"paragraph","content":"Border color and border width need to be - Style 3, Style 4, Style 17, Style 18, Style 20"},{"type":"paragraph","content":"When you would use border color then Effect color to be transparent"},{"type":"color","id":"preloader_bg","label":"Preloader Background","default":"#ffffff"},{"type":"color","id":"preloader_color","label":"Effect Color","default":"#FF7F00"},{"type":"color","id":"preloader_border_color","label":"Border Color","default":"#ffffff"},{"type":"range","id":"preloader_border_width","min":0,"max":10,"step":1,"label":"Border Width","default":4,"unit":"px"}]},{"name":"RTL and Layout","settings":[{"type":"header","content":"RTL"},{"type":"checkbox","id":"rtl_enable","label":"RTL Enable"},{"type":"header","content":"Box Layout"},{"type":"checkbox","id":"box_layout_enable","label":"Box Layout Enable"}]},{"name":"MegaMenu","settings":[{"type":"header","content":"Menu #1"},{"type":"text","id":"megamenu_title","label":"Menu Title"},{"type":"link_list","id":"megamenu_column_1_handle","label":"Column 1 Menu"},{"type":"link_list","id":"megamenu_column_2_handle","label":"Column 2 Menu"},{"type":"link_list","id":"megamenu_column_3_handle","label":"Column 3 Menu"},{"type":"image_picker","id":"megamenu_image","label":"Menu Image"},{"type":"url","id":"megamenu_image_url","label":"Menu Image URL"}]},{"name":"Colors","settings":[{"type":"header","content":"General colors"},{"type":"color","id":"color_primary","label":"Primary","default":"#ff7004","info":"Used for text links, and primary buttons"}]},{"name":"Typography","settings":[{"type":"header","content":"Font Family"},{"type":"checkbox","id":"typography_enable","label":"Font Family Enable","default":false},{"type":"font_picker","label":"Body Font","id":"body_font_handle","default":"raleway_n4"},{"type":"font_picker","label":"Heading Font","id":"header_font_handle","default":"helvetica_n4"},{"type":"font_picker","label":"Paragraph Font","id":"paragraph_font_handle","default":"raleway_n4"},{"type":"header","content":"Font Size"},{"type":"checkbox","id":"font_size_enable","label":"Font Size Enable","default":false},{"type":"header","content":"Font Size (Desktop)"},{"type":"range","id":"h1_font_size","min":20,"max":60,"step":1,"label":"Heading (H1)","unit":"px","info":"Default: 40px","default":40},{"type":"range","id":"h2_font_size","min":16,"max":52,"step":1,"label":"Heading (H2)","unit":"px","info":"Default: 32px","default":32},{"type":"range","id":"h3_font_size","min":14,"max":48,"step":1,"label":"Heading (H3)","unit":"px","info":"Default: 28px","default":28},{"type":"range","id":"h4_font_size","min":12,"max":44,"step":1,"label":"Heading (H4)","unit":"px","info":"Default: 24px","default":24},{"type":"range","id":"h5_font_size","min":10,"max":40,"step":1,"label":"Heading (H5)","unit":"px","info":"Default: 20px","default":20},{"type":"range","id":"h6_font_size","min":8,"max":36,"step":1,"label":"Heading (H6)","unit":"px","info":"Default: 16px","default":16},{"type":"range","id":"p_font_size","min":7,"max":34,"step":1,"label":"Paragraph","unit":"px","info":"Default: 14px","default":14},{"type":"header","content":"Font Size (Mobile)"},{"type":"range","id":"h1_mobile_font_size","min":20,"max":52,"step":1,"label":"Heading (H1)","unit":"px","info":"Default: 34px","default":34},{"type":"range","id":"h2_mobile_font_size","min":16,"max":46,"step":1,"label":"Heading (H2)","unit":"px","info":"Default: 28px","default":28},{"type":"range","id":"h3_mobile_font_size","min":14,"max":40,"step":1,"label":"Heading (H3)","unit":"px","info":"Default: 24px","default":24},{"type":"range","id":"h4_mobile_font_size","min":12,"max":36,"step":1,"label":"Heading (H4)","unit":"px","info":"Default: 20px","default":20},{"type":"range","id":"h5_mobile_font_size","min":10,"max":34,"step":1,"label":"Heading (H5)","unit":"px","info":"Default: 18px","default":18},{"type":"range","id":"h6_mobile_font_size","min":8,"max":32,"step":1,"label":"Heading (H6)","unit":"px","info":"Default: 16px","default":16},{"type":"range","id":"p_mobile_font_size","min":7,"max":28,"step":1,"label":"Paragraph","unit":"px","info":"Default: 14px","default":14}]},{"name":"Header Bar","settings":[{"type":"checkbox","id":"topbar_notification_enable","label":"Show Header Bar","default":false},{"type":"radio","id":"topbar_notification","label":"Show -","options":[{"label":"Home Page","value":"topbar_in_index"},{"label":"Whole Page","value":"topbar_in_template"}],"default":"topbar_in_index"},{"type":"richtext","id":"notification_text","label":"Text","default":"<p>All Featured Product 50% off<\/p>"},{"type":"text","id":"notification_button_name","label":"Button Name","default":"Buy Now"},{"type":"url","id":"notification_button_url","label":"URL"},{"type":"image_picker","id":"notification_bg_image","label":"BG Image"},{"type":"color","id":"notification_text_color","label":"Notification Text Color","default":"#fff"},{"type":"color","id":"topbar_color_1","label":"BG Grdian Color One","default":"#f3f3f3"},{"type":"color","id":"topbar_color_2","label":"BG Grdian Color Two","default":"#666666"},{"type":"color","id":"notification_overlay_color","label":"Overlay Color","default":"#000000"},{"type":"range","id":"notification_overlay_opacity","min":0,"max":1,"step":0.1,"label":"Overlay Color Opacity","default":0.6},{"type":"header","content":"Shop Button"},{"type":"color","id":"notificaction_button_bg_color","label":"BG Color","default":"#666666"},{"type":"color","id":"notificaction_button_border_color","label":"Border Color","default":"#666666"},{"type":"color","id":"notificaction_button_color","label":"Text Color","default":"#ffffff"},{"type":"color","id":"notificaction_button_hover_bg_color","label":"Hover BG Color","default":"#999"},{"type":"color","id":"notificaction_button_hover_border_color","label":"Hover Border Color","default":"#999"},{"type":"color","id":"notificaction_button_hover_color","label":"Hover Text Color","default":"#fff"},{"type":"header","content":"Close Button"},{"type":"color","id":"notificaction_close_button_bg_color","label":"BG Color"},{"type":"color","id":"notificaction_close_button_border_color","label":"Border Color","default":"#fff"},{"type":"color","id":"notificaction_close_button_color","label":"Color","default":"#fff"},{"type":"color","id":"notificaction_close_button_hover_bg_color","label":"Hover BG Color","default":"#fff"},{"type":"color","id":"notificaction_close_button_hover_border_color","label":"Hover Border Color","default":"#fff"},{"type":"color","id":"notificaction_close_button_hover_color","label":"Hover Color","default":"#232323"}]},{"name":"Newsletter","settings":[{"type":"header","content":"Newsletter"},{"type":"radio","id":"newsletter_system","label":"Newsletter Accept","options":[{"label":"Shopify Form","value":"by_shopify_form"},{"label":"MailChimp","value":"by_mailchimp"}],"default":"by_shopify_form"},{"type":"textarea","id":"newsletter_action","label":"MailChimp form action URL","info":"If you select 'Shopify Form' then no need put MailChimp URL"},{"type":"text","id":"email_placeholder","label":"Email Placeholer","default":"Your email address"},{"type":"text","id":"button_name","label":"Button Name","default":"Subscribe"},{"type":"header","content":"Newsletter Popup"},{"type":"checkbox","id":"newsletter_popup_enable","label":"Newsletter Popup Enable","default":false},{"type":"checkbox","id":"one_day_popup_enable","label":"Show Popup one time for per day","default":true},{"type":"radio","id":"newsletter_style_handle","label":"Newsletter Style","options":[{"label":"Style 1","value":"newsletter_style_1"},{"label":"style 2","value":"newsletter_style_2"}],"default":"newsletter_style_1"},{"type":"image_picker","id":"newsletter_bg_img","label":"Newsletter BG Image"},{"type":"text","id":"newletter_popup_title","label":"Newsletter Popup Title","default":"Newsletter"},{"type":"textarea","id":"newsletter_text","label":"Newsletter Description","default":"Join over 1,000 people who get free and fresh content delivered automatically each time we publish"},{"type":"text","id":"newsletter_button_name","label":"Newsletter Popup Button Name","default":"Subscribe"},{"type":"checkbox","id":"dont_show_again_enable","label":"Show 'Dont Show again' field","default":true},{"type":"text","id":"dont_show_again_text","label":"Dont Show Title","default":"Don't show this again"},{"type":"header","content":"Color"},{"type":"color","id":"newsletter_overlay_color","label":"Overlay Color","default":"#000"},{"type":"range","id":"newsletter_overlay_opacicty","min":0,"max":1,"step":0.1,"label":"Overlay Color Opacity","default":0.6},{"type":"color","id":"popup_newsletter_title_color","label":"Title Color","default":"#434343"},{"type":"color","id":"popup_newsletter_description_color","label":"Description Color","default":"#999"},{"type":"color","id":"input_field_color","label":"Input Field\/Text Color","default":"#ddd"},{"type":"color","id":"newsletter_button_bg_color","label":"Button BG Color","default":"#000000"},{"type":"color","id":"newsletter_button_color","label":"Button Color","default":"#fff"},{"type":"color","id":"newsletter_button_hover_bg_color","label":"Button Hover BG Color","default":"#666666"},{"type":"color","id":"newsletter_button_hover_color","label":"Button Hover Color","default":"#fff"},{"type":"color","id":"dont_show_title_color","label":"Dont Show Title Color","default":"#000"},{"type":"color","id":"close_icon_color","label":"Close Icon Color","default":"#FF0000"}]},{"name":"Breadcrumb","settings":[{"type":"checkbox","id":"breadcrumb_banner_enable","label":"Show Breadcrumb Banner","default":true},{"type":"image_picker","id":"breadcrumb_banner_image","label":"BG Image","info":"Recommended Size: 1920 x 300px"},{"type":"checkbox","id":"breadcrub_page_title_enable","label":"Show Page Title","default":true},{"type":"header","content":"Color"},{"type":"color","id":"breadcrumb_banner_bg","label":"BG Color","default":"#f4f5f7"},{"type":"color","id":"breadcrumb_banner_overlay_color","label":"Overlay Color","default":"#f4f5f7"},{"type":"range","id":"breadcrumb_banner_opacity","min":0,"max":1,"step":0.1,"label":"Overlay Color Opacity","default":1},{"type":"color","id":"breadcurmb_title_color","label":"Title Color","default":"#212121"},{"type":"color","id":"breadcurmb_page_title_color","label":"Page Title Color","default":"#474747"},{"type":"color","id":"active_breadcurmb_page_title_color","label":"Active Page Title Color","default":"#ff7004"},{"type":"header","content":"Padding Large\/Desktop Device"},{"type":"range","id":"breadcrumb_padding_top","min":50,"max":200,"step":5,"label":"Padding Top","unit":"px","default":80},{"type":"range","id":"breadcrumb_padding_bottom","min":50,"max":200,"step":5,"label":"Padding Bottom","unit":"px","default":80},{"type":"header","content":"Padding Mobile Device"},{"type":"range","id":"breadcrumb_padding_top_xs","min":0,"max":200,"step":5,"label":"Padding Top","unit":"px","default":50},{"type":"range","id":"breadcrumb_padding_bottom_xs","min":0,"max":200,"step":5,"label":"Padding Bottom","unit":"px","default":50}]},{"name":"Product Settings","settings":[{"type":"header","content":"Product Badge"},{"type":"text","id":"new_title","label":"New Title","default":"New"},{"type":"text","id":"sale_title","label":"Sale Title","default":"Sale"},{"type":"text","id":"soldout_title","label":"Soldout Title","default":"Soldout"},{"type":"checkbox","id":"sale_percent_enable","label":"Show Sale Percent","default":true},{"type":"paragraph","content":"New Badge comes from shortcode - Ex: [new_products]30[\/new_products]"},{"type":"header","content":"Action Button"},{"type":"text","id":"cart_button_title","label":"Cart Button Title","default":"Add to cart"},{"type":"text","id":"select_options","label":"Select Options Button Title","default":"Select Options"},{"type":"text","id":"affiliate_cart_button_title","label":"Affiliate Cart Button Title","default":"Buy from amazon"},{"type":"text","id":"soldout_button_title","label":"SoldOut Button Title","default":"Soldout","info":"When product out of stock then show this title"},{"type":"header","content":"Product Cart Type"},{"type":"radio","id":"product_cart_type","label":"Select Cart Type","options":[{"label":"Ajax Spin Cart","value":"ajax_spin_cart"},{"label":"Ajax Popup Cart","value":"ajax_popup_cart"},{"label":"Without Ajax Cart","value":"without_ajax_cart"}],"default":"ajax_spin_cart"},{"type":"header","content":"Ajax Spin Cart"},{"type":"text","id":"wait_title","label":"Wait Title","default":"Wait.."},{"type":"text","id":"added_title","label":"Added Title","default":"Added"},{"type":"text","id":"unavailable_title","label":"Unavailable Title","default":"Uavailable"},{"type":"header","content":"Ajax Popup Cart"},{"type":"text","id":"successfull_note","label":"Successfull Note","default":"Added to cart successfully!"},{"type":"checkbox","id":"popup_agree_button_enable","label":"Agree Button Enable","default":true},{"type":"textarea","id":"agree_button_text","label":"Agree Button Text","default":"I agree with the terms and conditions"},{"type":"text","id":"view_cart_button2","label":"Cart Button","default":"View Cart"},{"type":"text","id":"checkout_button2","label":"Checkout Button","default":"Checkout"},{"type":"text","id":"continue_shopping","label":"Checkout Button","default":"Continue Shopping"},{"type":"text","id":"total_price_label","label":"Total Price Label","default":"Total Price:"},{"type":"text","id":"total_cart_before_title","label":"Popup Cart Count Before Title","default":"There are"},{"type":"text","id":"total_cart_after_title","label":"Popup Cart Count After Title","default":"Items In Your Cart."},{"type":"header","content":"Product Quickview"},{"type":"checkbox","id":"product_quickview_enalbe","label":"Show Product Quickview","default":true},{"type":"checkbox","id":"quickview_product_variant_enable","label":"Show Product Variant","default":true},{"type":"text","id":"qcv_add_to_cart_text","label":"Add to cart title","default":"Add to cart"},{"type":"text","id":"qcv_cart_wait_text","label":"Wait title","default":"Wait.."},{"type":"text","id":"qcv_cart_added_text","label":"Added title","default":"Added"},{"type":"text","id":"qcv_cart_error_text","label":"Error title","default":"Limit Products"},{"type":"header","content":"Product Compare"},{"type":"checkbox","id":"compare_product_enalbe","label":"Show Product Compare","default":true},{"type":"text","id":"compare_popup_title","label":"Compare Popup title","default":"Compare Product"},{"type":"text","id":"compare_button_title","label":"Compare Button title","default":"Add to compare","info":"You can add any font icon HTML code"},{"type":"header","content":"Product Color Variants"},{"type":"checkbox","id":"product_color_variant_enalbe","label":"Show Product Color Variants","default":false},{"type":"header","content":"Product Shortcodes"},{"type":"paragraph","content":"Put the shortcode of product description bottom"},{"type":"header","content":"Short Description"},{"type":"paragraph","content":"Work on Product page below the product condition area , List product list view page, Search page and quick view. Example is below -"},{"type":"html","id":"product_short_description","label":"Shortcode","default":"[short_description] Your content or text here [\/short_description]","info":"Use this shortcode in the product description"},{"type":"header","content":"Full Description"},{"type":"paragraph","content":"Work on Product page in product description tab. Example is below -"},{"type":"html","id":"product_description","label":"Shortcode","default":"[product_description] Your content or text here [\/product_description]","info":"Use this shortcode in the product description"},{"type":"header","content":"Product Countdown"},{"type":"paragraph","content":"Here's how long the countdown times you want to see. Example is below -"},{"type":"html","id":"product_countdown","label":"Shortcode","default":"[countdown]YYYY\/MM\/DD[\/countdown]","info":"Use this shortcode in the product description"},{"type":"header","content":"Product Affiliate"},{"type":"paragraph","content":"Work on Product in 'Add to cart' action. Example is below -"},{"type":"html","id":"product_affiliate","label":"Shortcode","default":"[affiliate_link]Here add your affiliate link[\/affiliate_link]","info":"Use this shortcode in the product description"},{"type":"header","content":"New Badge"},{"type":"paragraph","content":"Put day limit, how many days show the new badge in your product. Example is below -"},{"type":"html","id":"product_new_badge","label":"Shortcode","default":"[new_products]Here add your product New Badge day limit[\/new_products]","info":"Use this shortcode in the product description"},{"type":"header","content":"Unique Description"},{"type":"paragraph","content":"Work on Product page in product tab. Example is below -"},{"type":"html","id":"unique_description_1","label":"Shortcode","default":"[unique_description_1] Your content or text here [\/unique_description_1]","info":"Use this shortcode in the product description for the unique description of each product"},{"type":"html","id":"unique_description_2","label":"Shortcode","default":"[unique_description_2] Your content or text here [\/unique_description_2]","info":"Use this shortcode in the product description for the unique description of each product"},{"type":"html","id":"unique_description_3","label":"Shortcode","default":"[unique_description_3] Your content or text here [\/unique_description_3]","info":"Use this shortcode in the product description for the unique description of each product"},{"type":"header","content":"Dropshipping"},{"type":"paragraph","content":"Use Oberlo app for Dropshipping [Read More](https:\/\/help.shopify.com\/en\/manual\/dropshipping\/oberlo)"}]},{"name":"Social Media","settings":[{"type":"header","content":"Icon With Link"},{"type":"text","id":"social_icon_1_name","label":"Social Icon Name","default":"twitter","info":"Ionicons Icon [See Icon](https:\/\/ionicons.com\/)"},{"type":"url","id":"social_icon_1_link","label":"Link"},{"type":"header","content":"Icon With Link"},{"type":"text","id":"social_icon_2_name","label":"Social Icon Name","default":"instagram","info":"Ionicons Icon [See Icon](https:\/\/ionicons.com\/)"},{"type":"url","id":"social_icon_2_link","label":"Link"},{"type":"header","content":"Icon With Link"},{"type":"text","id":"social_icon_3_name","label":"Social Icon Name","default":"google-plus","info":"Ionicons Icon [See Icon](https:\/\/ionicons.com\/)"},{"type":"url","id":"social_icon_3_link","label":"Link"},{"type":"header","content":"Icon With Link"},{"type":"text","id":"social_icon_4_name","label":"Social Icon Name","default":"linkedin","info":"Ionicons Icon [See Icon](https:\/\/ionicons.com\/)"},{"type":"url","id":"social_icon_4_link","label":"Link"},{"type":"header","content":"Icon With Link"},{"type":"text","id":"social_icon_5_name","label":"Social Icon Name","default":"pinterest","info":"Ionicons Icon [See Icon](https:\/\/ionicons.com\/)"},{"type":"url","id":"social_icon_5_link","label":"Link"},{"type":"header","content":"Icon With Link"},{"type":"text","id":"social_icon_6_name","label":"Social Icon Name","info":"Ionicons Icon [See Icon](https:\/\/ionicons.com\/)"},{"type":"url","id":"social_icon_6_link","label":"Link"},{"type":"header","content":"Icon With Link"},{"type":"text","id":"social_icon_7_name","label":"Social Icon Name","info":"Ionicons Icon [See Icon](https:\/\/ionicons.com\/)"},{"type":"url","id":"social_icon_7_link","label":"Link"}]},{"name":"Wishlist","settings":[{"type":"checkbox","id":"wishlist_enable","label":"Show Wishlist","default":true},{"type":"text","id":"add_wishlit_title","label":"Add Wishlist Title","default":"Add to wishlist"},{"type":"text","id":"loading_wishlist","label":"Loading Wishlist Title","default":"Loading.."},{"type":"text","id":"remove_wishlit_title","label":"Remove Wishlist Title","default":"Remove From wishlist"},{"type":"text","id":"go_to_wishlit_title","label":"Go To Wishlist Title","default":"Go to wishlist"},{"type":"header","content":"Wishlist Page"},{"type":"paragraph","content":"If you want to create wishlist page then follow this URL - [Click Here](https:\/\/image.prntscr.com\/image\/ZEjtoJDoQwGoWloMSwt3kQ.jpeg)"},{"type":"text","id":"wishlist_empty_title","label":"Wishlist Empty Title","default":"Your wishlist is currently empty!"},{"type":"text","id":"login_request_title","label":"Login Request Title","default":"Please login your account"}]},{"name":"404 Page","settings":[{"type":"text","id":"main_heading_404","label":"Main Heading 404","default":"The page you are looking for was not found."},{"type":"image_picker","id":"opps_404","label":"Image","info":"Recommended Size: 1000 X 350px"},{"type":"text","id":"heading_404","label":"Heading 404","default":"Sorry For The Inconvenience."},{"type":"text","id":"sub_text_404","label":"Sub Text","default":"Search again what you are looking for"},{"type":"text","id":"button_title","label":"Button Title","default":"Go to home"},{"type":"url","id":"button_url","label":"Button URL","default":"\/"}]},{"name":"Customer Page","settings":[{"type":"header","content":"Login"},{"type":"text","id":"login_sub_text","label":"Instruction Text","default":"Please login using account detail bellow."},{"type":"header","content":"Register"},{"type":"text","id":"register_sub_text","label":"Instruction Text","default":"Please Register using account detail bellow."},{"type":"header","content":"My Account \/ Order"},{"type":"text","id":"customer_logout_title","label":"Logout Title","default":"Logout"}]},{"name":"Default Padding","settings":[{"type":"header","content":"Custom page padding is below"},{"type":"header","content":"Large\/Desktop Device Padding"},{"type":"range","id":"custom_page_padding_top","min":50,"max":200,"step":5,"label":"Padding Top","unit":"px","default":100},{"type":"range","id":"custom_page_padding_bottom","min":50,"max":200,"step":5,"label":"Padding Bottom","unit":"px","default":80},{"type":"header","content":"Mobile Device Padding"},{"type":"range","id":"custom_page_padding_top_xs","min":50,"max":200,"step":5,"label":"Padding Top","unit":"px","default":80},{"type":"range","id":"custom_page_padding_bottom_xs","min":50,"max":200,"step":5,"label":"Padding Bottom","unit":"px","default":60},{"type":"header","content":"Customer(Login\/register\/my account\/order) page padding is below"},{"type":"header","content":"Large\/Desktop Device Padding"},{"type":"range","id":"customer_page_padding_top","min":50,"max":200,"step":5,"label":"Padding Top","unit":"px","default":100},{"type":"range","id":"customer_page_padding_bottom","min":50,"max":200,"step":5,"label":"Padding Bottom","unit":"px","default":100},{"type":"header","content":"Mobile Device Padding"},{"type":"range","id":"customer_page_padding_top_xs","min":50,"max":200,"step":5,"label":"Padding Top","unit":"px","default":80},{"type":"range","id":"customer_page_padding_bottom_xs","min":50,"max":200,"step":5,"label":"Padding Bottom","unit":"px","default":80}]},{"name":"Password\/Coming Soon page","settings":[{"type":"header","content":"Heading"},{"type":"checkbox","id":"heading_enable","label":"Show Heading","default":true},{"type":"image_picker","id":"password_logo","label":"Logo"},{"type":"text","id":"comming_soon_title","label":"Comming Soon Title","default":"We are coming verry soon..."},{"type":"textarea","id":"comming_soon_content","label":"Comming Soon content","default":"Lorem Ipsum is simply dummy text of the printing and typesetting industry. Lorem Ipsum has been the industry's standard dummy text"},{"type":"header","content":"Countdown"},{"type":"checkbox","id":"countdown_enable","label":"Show Countdown","default":true},{"type":"radio","id":"countdown_style_handle","label":"Select CountDown","options":[{"label":"Style 1","value":"countdown_style_1"},{"label":"style 2","value":"countdown_style_2"},{"label":"style 3","value":"countdown_style_3"}],"default":"countdown_style_3"},{"type":"text","id":"opening_date","label":"Openign Date","default":"2019-05-01","placeholder":"2022-05-01","info":"Example: YYYY-MM-DD"},{"type":"header","content":"Subscribe"},{"type":"checkbox","id":"subscribe_field_enable","label":"Show Subscribe Field","default":true},{"type":"text","id":"subscribe_title","label":"Subscribe Title","default":"Subscribe for our next update"},{"type":"text","id":"email_placeholder_title","label":"Email Placeholder","default":"Enter your e-mial"},{"type":"text","id":"subscribe_button_title","label":"Subscribe Button Title","default":"Subscribe"},{"type":"header","content":"Password"},{"type":"checkbox","id":"store_password_enable","label":"Show Password Field","default":true},{"type":"text","id":"password_placeholder_title","label":"Password Placeholder Title","default":"Enter store using password"},{"type":"checkbox","id":"password_action_field_enable","label":"Show Action Field","default":true},{"type":"header","content":"Options"},{"type":"image_picker","id":"full_page_bg_image","label":"BG Image","info":"Recommended Size: 1920 x 1080px"},{"type":"paragraph","content":"Gradient color will not work if you select BG images"},{"type":"color","id":"gradiant_bg_color_1","label":"Gradiant BG Color #1","default":"#0072b0"},{"type":"color","id":"gradiant_bg_color_2","label":"Gradiant BG Color #2","default":"#70b100"},{"type":"color","id":"password_overlay_color","label":"Overlay Color","default":"#000000"},{"type":"range","id":"password_overlay_color_opacity","min":0,"max":1,"step":0.1,"label":"Overlay Color Opacity","default":0.7},{"type":"color","id":"countdown_color","label":"Countdown Color","default":"#ff3b7c"}]},{"name":"Custom CSS and JS","settings":[{"type":"header","content":"CSS"},{"type":"html","id":"custom_css","label":"CSS Code","info":"Example: <style>body{background: red;}<\/style>"},{"type":"header","content":"JS"},{"type":"html","id":"custom_script","label":"Script Code","info":"Example: <script>alert('Hello, Welcome our store!');<\/script>"}]}]